team,role,jersey,player,MIN,GS,PA,RE,LU,match_id,giornata,PG,P,P(%),R,PC,AMM,FS,T,TP,G,AS,PT,OG,DAM,ESP,AUT
GENOA,GK,1,BIJLOW,97.0,2.0,2.0,1.0,25.0,G01_GENOA_NAPOLI,1,,,,,,,,,,,,,,,,
GENOA,OUT,27,MARCANDALLI,97.0,,17.0,,,G01_GENOA_NAPOLI,1,57.0,46.0,93.0,2.0,,,,,,,,,,,,
GENOA,OUT,5,ØSTIGÅRD,67.0,,9.0,,,G01_GENOA_NAPOLI,1,64.0,48.0,94.0,1.0,1.0,1.0,,,,,,,,,,
GENOA,OUT,22,J. VÁSQUEZ,89.0,,9.0,,,G01_GENOA_NAPOLI,1,84.0,56.0,84.0,7.0,,,1.0,,,,,,,,,
GENOA,OUT,15,NORTON-CUFFY,97.0,,16.0,,,G01_GENOA_NAPOLI,1,36.0,19.0,82.0,2.0,1.0,,,,,,,,,,,
GENOA,OUT,32,FRENDRUP,97.0,,29.0,,,G01_GENOA_NAPOLI,1,70.0,55.0,96.0,7.0,1.0,,2.0,1.0,,,,,,,,
GENOA,OUT,4,AMORIM,76.0,,26.0,,,G01_GENOA_NAPOLI,1,66.0,43.0,93.0,3.0,1.0,,1.0,1.0,1.0,,,,,,,
GENOA,OUT,77,ELLERTSSON,97.0,,15.0,,,G01_GENOA_NAPOLI,1,51.0,23.0,79.0,4.0,,,,1.0,,,,,,,,
GENOA,OUT,8,BALDANZI,67.0,,21.0,,,G01_GENOA_NAPOLI,1,40.0,30.0,96.0,2.0,,,,4.0,,,,,,,,
GENOA,OUT,9,VITINHA,97.0,,7.0,,,G01_GENOA_NAPOLI,1,31.0,11.0,73.0,9.0,,,1.0,3.0,1.0,,,,,,,
GENOA,OUT,29,LO. COLOMBO,76.0,,7.0,,,G01_GENOA_NAPOLI,1,14.0,8.0,80.0,,1.0,,2.0,,,,,,,,,
GENOA,OUT,10,MESSIAS,30.0,,1.0,,,G01_GENOA_NAPOLI,1,16.0,3.0,75.0,1.0,,,1.0,,,,,,,,,
GENOA,OUT,11,MEICHTRY,22.0,,1.0,,,G01_GENOA_NAPOLI,1,3.0,1.0,100.0,1.0,,,,,,,,,,,,
GENOA,OUT,34,OTOA,30.0,,,,,G01_GENOA_NAPOLI,1,11.0,5.0,83.0,,,,,,,,,,,,,
GENOA,OUT,80,ŽULEVIČ,8.0,,1.0,,,G01_GENOA_NAPOLI,1,1.0,1.0,100.0,,,,,,,,,,,,,
GENOA,OUT,97,SOW,22.0,,4.0,,,G01_GENOA_NAPOLI,1,9.0,6.0,85.0,,,,,1.0,,,,,,,,
NAPOLI,GK,1,MERET,97.0,,2.0,1.0,23.0,G01_GENOA_NAPOLI,1,,,,,,,,,,,,,,,,
NAPOLI,OUT,22,DI LORENZO,97.0,,34.0,,,G01_GENOA_NAPOLI,1,79.0,58.0,90.0,3.0,,,1.0,,,,,,,,,
NAPOLI,OUT,13,AM. RRAHMANI,97.0,,29.0,,,G01_GENOA_NAPOLI,1,117.0,70.0,88.0,12.0,,,,2.0,,,,,,,,
NAPOLI,OUT,16,RAFA MARÍN,82.0,,12.0,,,G01_GENOA_NAPOLI,1,53.0,40.0,97.0,4.0,,,1.0,,,,,,,,,
NAPOLI,OUT,37,SPINAZZOLA,97.0,,39.0,,,G01_GENOA_NAPOLI,1,73.0,59.0,96.0,6.0,2.0,,,1.0,1.0,,,,,,,
NAPOLI,OUT,99,ANGUISSA,67.0,,15.0,,,G01_GENOA_NAPOLI,1,35.0,28.0,87.0,3.0,1.0,,1.0,,,,,,,,,
NAPOLI,OUT,68,LOBOTKA,97.0,,56.0,,,G01_GENOA_NAPOLI,1,86.0,73.0,96.0,4.0,1.0,,1.0,2.0,,,,,,,,
NAPOLI,OUT,8,MCTOMINAY,97.0,,17.0,,,G01_GENOA_NAPOLI,1,55.0,35.0,97.0,3.0,1.0,,,1.0,1.0,,,,,,,
NAPOLI,OUT,21,POLITANO,67.0,,10.0,,,G01_GENOA_NAPOLI,1,34.0,19.0,82.0,1.0,,1.0,1.0,,,,,,,,,
NAPOLI,OUT,19,HØJLUND,79.0,,4.0,,,G01_GENOA_NAPOLI,1,13.0,5.0,71.0,1.0,1.0,,2.0,,,,,,,,,
NAPOLI,OUT,27,ALISSON,67.0,,10.0,,,G01_GENOA_NAPOLI,1,31.0,13.0,81.0,2.0,,,,3.0,,,,,,,,
NAPOLI,OUT,11,DE BRUYNE,30.0,,19.0,,,G01_GENOA_NAPOLI,1,34.0,22.0,81.0,4.0,1.0,,,1.0,1.0,1.0,1.0,,,,,
NAPOLI,OUT,17,OLIVERA,15.0,,,,,G01_GENOA_NAPOLI,1,9.0,6.0,75.0,,,,,,,,,,,,,
NAPOLI,OUT,20,LUCCA,18.0,,1.0,,,G01_GENOA_NAPOLI,1,2.0,1.0,100.0,1.0,,,,,,,,,,,,
NAPOLI,OUT,26,VERGARA,30.0,,3.0,,,G01_GENOA_NAPOLI,1,16.0,7.0,70.0,4.0,1.0,,2.0,2.0,1.0,1.0,1.0,,,,,
NAPOLI,OUT,70,LANG,30.0,,8.0,,,G01_GENOA_NAPOLI,1,15.0,10.0,100.0,1.0,,,,,,,,,,,,
INTER,GK,1,J. MARTÍNEZ,95.0,1.0,2.0,1.0,18.0,G01_INTER_MONZA,1,,,,,,,,,,,,,,,,
INTER,OUT,31,BISSECK,95.0,,14.0,,,G01_INTER_MONZA,1,82.0,70.0,97.0,5.0,1.0,,,1.0,1.0,1.0,,,,,,
INTER,OUT,25,AKANJI,76.0,,10.0,,,G01_INTER_MONZA,1,76.0,58.0,93.0,9.0,1.0,,,1.0,,,,1.0,,,,
INTER,OUT,95,BASTONI,95.0,,26.0,,,G01_INTER_MONZA,1,119.0,99.0,90.0,6.0,1.0,,,,,,,,,,,
INTER,OUT,17,DIOUF,76.0,,16.0,,,G01_INTER_MONZA,1,37.0,32.0,94.0,,3.0,,,,,,2.0,,,,,
INTER,OUT,23,BARELLA,95.0,,23.0,,,G01_INTER_MONZA,1,54.0,46.0,93.0,,,,2.0,2.0,,,,,,,,
INTER,OUT,20,ÇALHANOĞLU,56.0,,20.0,,,G01_INTER_MONZA,1,66.0,57.0,95.0,4.0,1.0,1.0,,1.0,1.0,1.0,,,,,,
INTER,OUT,7,ZIELIŃSKI,84.0,,28.0,,,G01_INTER_MONZA,1,69.0,57.0,89.0,1.0,,,1.0,1.0,1.0,1.0,,,,,,
INTER,OUT,32,DIMARCO,95.0,,27.0,,,G01_INTER_MONZA,1,84.0,54.0,81.0,1.0,2.0,,1.0,1.0,1.0,,,,,,,
INTER,OUT,94,P. ESPOSITO,95.0,,21.0,,,G01_INTER_MONZA,1,60.0,32.0,72.0,1.0,2.0,,4.0,5.0,1.0,1.0,1.0,,,,,
INTER,OUT,10,L. MARTÍNEZ,56.0,,8.0,,,G01_INTER_MONZA,1,31.0,19.0,73.0,,,1.0,2.0,,,,,,,,,
INTER,OUT,5,A. STANKOVIĆ,11.0,,1.0,,,G01_INTER_MONZA,1,15.0,13.0,100.0,,,,,,,,,,,,,
INTER,OUT,6,STONES,19.0,,2.0,,,G01_INTER_MONZA,1,13.0,9.0,81.0,1.0,,,,,,,,,,,,
INTER,OUT,8,SUČIĆ,40.0,,22.0,,,G01_INTER_MONZA,1,32.0,28.0,96.0,,,,1.0,,,,,,,,,
INTER,OUT,11,LUIS HENRIQUE,19.0,,6.0,,,G01_INTER_MONZA,1,16.0,11.0,100.0,1.0,,,,,,,,,,,,
INTER,OUT,14,BONNY,40.0,,9.0,,,G01_INTER_MONZA,1,29.0,16.0,88.0,2.0,,,1.0,1.0,,,,,,,,
MONZA,GK,13,PIZZIGNACCO,95.0,4.0,1.0,2.0,17.0,G01_INTER_MONZA,1,,,,,,,,,,,,,,,,
MONZA,OUT,60,KOUADIO,95.0,,2.0,,,G01_INTER_MONZA,1,45.0,24.0,88.0,6.0,,1.0,,,,,,,,,,
MONZA,OUT,3,LUCCHESI,89.0,,4.0,,,G01_INTER_MONZA,1,48.0,33.0,100.0,3.0,,1.0,,,,,,,,,,
MONZA,OUT,44,A. CARBONI,95.0,,7.0,,,G01_INTER_MONZA,1,45.0,27.0,67.0,1.0,1.0,,,,,,,,,,,
MONZA,OUT,19,BIRINDELLI,95.0,,11.0,,,G01_INTER_MONZA,1,37.0,19.0,73.0,3.0,,,1.0,1.0,1.0,,,,2.0,,,
MONZA,OUT,8,FOE-ONDOA,95.0,,13.0,,,G01_INTER_MONZA,1,43.0,28.0,87.0,5.0,1.0,,,,,,,,,,,
MONZA,OUT,80,MOUT,71.0,,10.0,,,G01_INTER_MONZA,1,47.0,25.0,69.0,1.0,1.0,,,1.0,,,1.0,,,,,
MONZA,OUT,24,BAKOUNE,71.0,,7.0,,,G01_INTER_MONZA,1,46.0,20.0,71.0,7.0,,,2.0,,,,,,,,,
MONZA,OUT,28,COLPANI,71.0,,4.0,,,G01_INTER_MONZA,1,21.0,7.0,63.0,1.0,,,1.0,,,,,,,,,
MONZA,OUT,7,MANGAS,95.0,,5.0,,,G01_INTER_MONZA,1,26.0,13.0,72.0,3.0,,,1.0,1.0,1.0,,,,,,,
MONZA,OUT,9,VARELA,84.0,,6.0,,,G01_INTER_MONZA,1,25.0,9.0,81.0,2.0,,,,3.0,1.0,1.0,,,2.0,,,
MONZA,OUT,10,CUTRONE,24.0,,4.0,,,G01_INTER_MONZA,1,5.0,5.0,100.0,,1.0,,,,,,,,,,,
MONZA,OUT,11,FORSON,24.0,,5.0,,,G01_INTER_MONZA,1,12.0,9.0,90.0,,1.0,,,,,,,,,,,
MONZA,OUT,15,DELLI CARRI,6.0,,,,,G01_INTER_MONZA,1,5.0,4.0,100.0,1.0,,,,,,,,,,,,
MONZA,OUT,23,GALAZZI,24.0,,8.0,,,G01_INTER_MONZA,1,17.0,12.0,80.0,1.0,,,,1.0,,,,,,,,
MONZA,OUT,46,ROBINSON,11.0,,1.0,,,G01_INTER_MONZA,1,3.0,2.0,100.0,,,,,,,,,,,,,
ATALANTA,GK,29,CARNESECCHI,97.0,1.0,7.0,1.0,16.0,G01_ATALANTA_SASSUOLO,1,,,,,,,,,,,1.0,,,,,
ATALANTA,OUT,77,ZAPPACOSTA,97.0,,18.0,,,G01_ATALANTA_SASSUOLO,1,81.0,60.0,90.0,3.0,,,,2.0,,,,1.0,,,,
ATALANTA,OUT,3,KOSSOUNOU,97.0,,13.0,,,G01_ATALANTA_SASSUOLO,1,100.0,90.0,96.0,6.0,,,,,,,,,,,,
ATALANTA,OUT,42,SCALVINI,97.0,,15.0,,,G01_ATALANTA_SASSUOLO,1,108.0,97.0,97.0,2.0,,,,1.0,,,,,,,,
ATALANTA,OUT,47,BERNASCONI,72.0,,13.0,,,G01_ATALANTA_SASSUOLO,1,45.0,32.0,91.0,1.0,2.0,,,,,,,,,,,
ATALANTA,OUT,8,PAŠALIĆ,61.0,,21.0,,,G01_ATALANTA_SASSUOLO,1,46.0,34.0,91.0,2.0,,,,,,,,,,,,
ATALANTA,OUT,70,GAETANO,97.0,,32.0,,,G01_ATALANTA_SASSUOLO,1,79.0,61.0,92.0,6.0,1.0,,1.0,1.0,1.0,,1.0,,,,,
ATALANTA,OUT,13,ÉDERSON,97.0,,16.0,,,G01_ATALANTA_SASSUOLO,1,47.0,33.0,89.0,3.0,,,3.0,2.0,2.0,,,,,,,
ATALANTA,OUT,59,ZALEWSKI,61.0,,21.0,,,G01_ATALANTA_SASSUOLO,1,42.0,29.0,87.0,2.0,2.0,,1.0,1.0,1.0,,,,,,,
ATALANTA,OUT,9,SCAMACCA,61.0,,14.0,,,G01_ATALANTA_SASSUOLO,1,35.0,24.0,88.0,4.0,3.0,,,,,,,,,,,
ATALANTA,OUT,18,RASPADORI,83.0,,10.0,,,G01_ATALANTA_SASSUOLO,1,30.0,17.0,94.0,4.0,,,3.0,3.0,1.0,1.0,,,,,,
ATALANTA,OUT,10,SAMARDŽIĆ,36.0,,3.0,,,G01_ATALANTA_SASSUOLO,1,25.0,13.0,86.0,2.0,2.0,,1.0,1.0,,,,,,,,
ATALANTA,OUT,17,DE KETELAERE,36.0,,10.0,,,G01_ATALANTA_SASSUOLO,1,25.0,16.0,84.0,2.0,1.0,,1.0,,,,,,,,,
ATALANTA,OUT,23,KOLAŠINAC,25.0,,6.0,,,G01_ATALANTA_SASSUOLO,1,19.0,15.0,88.0,1.0,,,,,,,,,,,,
ATALANTA,OUT,90,KRSTOVIĆ,36.0,,5.0,,,G01_ATALANTA_SASSUOLO,1,16.0,9.0,81.0,1.0,1.0,,,3.0,2.0,1.0,,,1.0,,,
ATALANTA,OUT,99,ELMAS,14.0,,3.0,,,G01_ATALANTA_SASSUOLO,1,6.0,5.0,100.0,,,,,,,,,,,,,
SASSUOLO,GK,49,MURIĆ,97.0,2.0,5.0,,7.0,G01_ATALANTA_SASSUOLO,1,,,,,,,,,,,,,,,,
SASSUOLO,OUT,46,CINQUEGRANO,97.0,,20.0,,,G01_ATALANTA_SASSUOLO,1,62.0,37.0,97.0,6.0,1.0,,,1.0,,,,,,,,
SASSUOLO,OUT,26,ODENTHAL,97.0,,6.0,,,G01_ATALANTA_SASSUOLO,1,76.0,61.0,93.0,2.0,1.0,,,1.0,1.0,1.0,,,1.0,,,
SASSUOLO,OUT,31,MACCHIONI,75.0,,2.0,,,G01_ATALANTA_SASSUOLO,1,47.0,42.0,100.0,1.0,,,,,,,,,,,,
SASSUOLO,OUT,3,DOIG,97.0,,12.0,,,G01_ATALANTA_SASSUOLO,1,57.0,35.0,89.0,2.0,3.0,,,1.0,,,,,,,,
SASSUOLO,OUT,17,ADŽIĆ,65.0,,13.0,,,G01_ATALANTA_SASSUOLO,1,29.0,17.0,89.0,3.0,2.0,,,4.0,2.0,,,,1.0,,,
SASSUOLO,OUT,18,MATIĆ,75.0,,19.0,,,G01_ATALANTA_SASSUOLO,1,65.0,48.0,90.0,6.0,1.0,,1.0,1.0,,,,,,,,
SASSUOLO,OUT,50,BAKOLA,97.0,,19.0,,,G01_ATALANTA_SASSUOLO,1,73.0,44.0,77.0,9.0,,,3.0,1.0,,,,,,,,
SASSUOLO,OUT,7,VOLPATO,89.0,,22.0,,,G01_ATALANTA_SASSUOLO,1,47.0,29.0,82.0,1.0,5.0,,2.0,2.0,2.0,,,,,,,
SASSUOLO,OUT,9,BOWIE,89.0,,8.0,,,G01_ATALANTA_SASSUOLO,1,17.0,10.0,83.0,1.0,3.0,,1.0,2.0,,,,,1.0,,,
SASSUOLO,OUT,45,LAURIENTÉ,97.0,,21.0,,,G01_ATALANTA_SASSUOLO,1,48.0,33.0,97.0,3.0,2.0,,,6.0,2.0,,,,,,,
SASSUOLO,OUT,14,KULLA,8.0,,2.0,,,G01_ATALANTA_SASSUOLO,1,2.0,2.0,100.0,,,,,,,,,,,,,
SASSUOLO,OUT,16,LEYSEN,22.0,,2.0,,,G01_ATALANTA_SASSUOLO,1,26.0,19.0,95.0,4.0,,,,,,,,,,,,
SASSUOLO,OUT,20,CIERVO,8.0,,3.0,,,G01_ATALANTA_SASSUOLO,1,4.0,4.0,100.0,,,,,,,,,,,,,
SASSUOLO,OUT,25,DOMÍNGUEZ,22.0,,1.0,,,G01_ATALANTA_SASSUOLO,1,3.0,2.0,100.0,,,,,1.0,,,,,,,,
SASSUOLO,OUT,42,THORSTVEDT,32.0,,10.0,,,G01_ATALANTA_SASSUOLO,1,32.0,25.0,96.0,4.0,,,2.0,2.0,1.0,,,,,,,
TORINO,GK,26,MASCARDI,94.0,2.0,2.0,1.0,23.0,G01_TORINO_MILAN,1,,,,,,,,,,,,,,,,
TORINO,OUT,23,COCO,94.0,,12.0,,,G01_TORINO_MILAN,1,62.0,39.0,90.0,2.0,,,,1.0,,,,,,,,
TORINO,OUT,44,ISMAJLI,94.0,,9.0,,,G01_TORINO_MILAN,1,83.0,56.0,91.0,9.0,,,1.0,,,,,,,,,
TORINO,OUT,15,COMUZZO,85.0,,11.0,,,G01_TORINO_MILAN,1,58.0,36.0,90.0,10.0,,,,1.0,,,,,1.0,,,
TORINO,OUT,16,PEDERSEN,70.0,,7.0,,,G01_TORINO_MILAN,1,28.0,14.0,82.0,1.0,1.0,,1.0,,,,,,,,,
TORINO,OUT,66,GINEITIS,94.0,,9.0,,,G01_TORINO_MILAN,1,43.0,23.0,82.0,2.0,1.0,,2.0,,,,1.0,,,,,
TORINO,OUT,28,FITZ-JIM,94.0,,25.0,,,G01_TORINO_MILAN,1,70.0,54.0,91.0,3.0,2.0,,,1.0,,,,,,,,
TORINO,OUT,77,CACCIAMANI,81.0,,11.0,,,G01_TORINO_MILAN,1,27.0,16.0,84.0,2.0,,,,,,,,,,,,
TORINO,OUT,10,VLAŠIĆ,94.0,,11.0,,,G01_TORINO_MILAN,1,33.0,17.0,85.0,1.0,,,,,,,,,,,,
TORINO,OUT,22,CASADEI,70.0,,2.0,,,G01_TORINO_MILAN,1,25.0,10.0,66.0,,,,,,,,,,,,,
TORINO,OUT,18,SIMEONE,70.0,,6.0,,,G01_TORINO_MILAN,1,18.0,11.0,68.0,1.0,,,1.0,1.0,,,,,,,,
TORINO,OUT,7,ABOUKHLAL,14.0,,2.0,,,G01_TORINO_MILAN,1,6.0,4.0,100.0,,,,,1.0,,,,,1.0,,,
TORINO,OUT,17,KULENOVIĆ,10.0,,,,,G01_TORINO_MILAN,1,,,,,,,,,,,,,,,,
TORINO,OUT,19,C. ADAMS,25.0,,7.0,,,G01_TORINO_MILAN,1,12.0,9.0,90.0,,,,,1.0,1.0,1.0,,,,,,
TORINO,OUT,29,FORTINI,25.0,,9.0,,,G01_TORINO_MILAN,1,28.0,16.0,80.0,4.0,,,2.0,,,,,,,,,
TORINO,OUT,92,NJIE,25.0,,3.0,,,G01_TORINO_MILAN,1,18.0,3.0,60.0,,1.0,,,1.0,,,,1.0,,,,
MILAN,GK,16,MAIGNAN,94.0,1.0,,,14.0,G01_TORINO_MILAN,1,,,,,,,,,,,,,,,,
MILAN,OUT,34,GILA,76.0,,26.0,,,G01_TORINO_MILAN,1,94.0,74.0,94.0,7.0,1.0,,1.0,,,,,,,,,
MILAN,OUT,5,DE WINTER,94.0,,16.0,,,G01_TORINO_MILAN,1,85.0,63.0,98.0,6.0,,,,,,,,,,,,
MILAN,OUT,31,PAVLOVIĆ,94.0,,15.0,,,G01_TORINO_MILAN,1,103.0,82.0,95.0,2.0,,,2.0,,,,,,,,,
MILAN,OUT,21,CHUKWUEZE,94.0,,23.0,,,G01_TORINO_MILAN,1,72.0,39.0,75.0,4.0,4.0,,1.0,2.0,1.0,,1.0,,,,,
MILAN,OUT,80,MUSAH,94.0,,16.0,,,G01_TORINO_MILAN,1,45.0,32.0,88.0,2.0,,,,,,,,,,,,
MILAN,OUT,30,JASHARI,56.0,,19.0,,,G01_TORINO_MILAN,1,57.0,48.0,92.0,1.0,1.0,,,,,,,,,,,
MILAN,OUT,2,ESTUPIÑÁN,66.0,,23.0,,,G01_TORINO_MILAN,1,61.0,44.0,93.0,3.0,1.0,,,1.0,,,,,,,,
MILAN,OUT,8,LOFTUS-CHEEK,56.0,,15.0,,,G01_TORINO_MILAN,1,33.0,22.0,95.0,,3.0,1.0,,3.0,,,,,,,,
MILAN,OUT,70,CISSE,66.0,,10.0,,,G01_TORINO_MILAN,1,39.0,18.0,81.0,2.0,1.0,,4.0,4.0,1.0,1.0,,,,,,
MILAN,OUT,9,GONÇALO RAMOS,94.0,,11.0,,,G01_TORINO_MILAN,1,46.0,19.0,76.0,4.0,1.0,,,5.0,1.0,,,,,,,
MILAN,OUT,12,RABIOT,38.0,,4.0,,,G01_TORINO_MILAN,1,20.0,8.0,61.0,3.0,1.0,,1.0,1.0,1.0,1.0,1.0,,1.0,,,
MILAN,OUT,14,MODRIĆ,38.0,,9.0,,,G01_TORINO_MILAN,1,24.0,18.0,90.0,1.0,,,,,,,,,,,,
MILAN,OUT,33,BARTESAGHI,29.0,,6.0,,,G01_TORINO_MILAN,1,14.0,8.0,80.0,,2.0,,,,,,,,,,,
MILAN,OUT,46,GABBIA,19.0,,,,,G01_TORINO_MILAN,1,5.0,1.0,100.0,,,,,,,,,,,,,
MILAN,OUT,56,SAELEMAEKERS,29.0,,6.0,,,G01_TORINO_MILAN,1,24.0,11.0,84.0,5.0,,,,1.0,,,,,,,,
UDINESE,GK,40,OKOYE,99.0,1.0,5.0,,12.0,G01_UDINESE_COMO,1,,,,,,,,,,,,,,,,
UDINESE,OUT,14,ABANKWAH,99.0,,6.0,,,G01_UDINESE_COMO,1,50.0,32.0,84.0,6.0,,1.0,,,,,,,,,,
UDINESE,OUT,16,PALMA,49.0,,1.0,,,G01_UDINESE_COMO,1,28.0,14.0,82.0,6.0,,,1.0,,,,,,,,,
UDINESE,OUT,28,SOLET,99.0,,8.0,,,G01_UDINESE_COMO,1,64.0,42.0,87.0,8.0,,,1.0,,,,,,,,,
UDINESE,OUT,23,VOJVODA,99.0,,21.0,,,G01_UDINESE_COMO,1,64.0,39.0,79.0,3.0,2.0,,1.0,2.0,,,,,,,,
UDINESE,OUT,8,KARLSTRÖM,99.0,,10.0,,,G01_UDINESE_COMO,1,43.0,27.0,81.0,1.0,2.0,,,,,,,,,,,
UDINESE,OUT,24,PIOTROWSKI,74.0,,11.0,,,G01_UDINESE_COMO,1,41.0,30.0,96.0,2.0,1.0,1.0,3.0,1.0,,,,,,,,
UDINESE,OUT,11,KAMARA,99.0,,16.0,,,G01_UDINESE_COMO,1,61.0,34.0,79.0,6.0,,,,3.0,2.0,1.0,,,1.0,,,
UDINESE,OUT,10,ZANIOLO,94.0,,13.0,,,G01_UDINESE_COMO,1,39.0,18.0,78.0,1.0,2.0,,3.0,3.0,,,,,,,,
UDINESE,OUT,32,EKKELENKAMP,88.0,,17.0,,,G01_UDINESE_COMO,1,47.0,25.0,75.0,5.0,1.0,,,1.0,,,1.0,,,,,
UDINESE,OUT,7,GUEYE,74.0,,11.0,,,G01_UDINESE_COMO,1,31.0,16.0,84.0,,2.0,,,3.0,,,,,1.0,,,
UDINESE,OUT,6,ZARRAGA,6.0,,1.0,,,G01_UDINESE_COMO,1,4.0,3.0,100.0,1.0,,,,,,,,,,,,
UDINESE,OUT,15,BAYO,25.0,,2.0,,,G01_UDINESE_COMO,1,7.0,3.0,75.0,,,,,1.0,,,,,3.0,,,
UDINESE,OUT,38,MILLER,25.0,,6.0,,,G01_UDINESE_COMO,1,12.0,8.0,100.0,,,,,1.0,1.0,,,,,,,
UDINESE,OUT,46,UNAI GÓMEZ,11.0,,,,,G01_UDINESE_COMO,1,4.0,1.0,100.0,,,1.0,2.0,,,,,,,,,
UDINESE,OUT,77,EBOSSE,51.0,,11.0,,,G01_UDINESE_COMO,1,52.0,35.0,79.0,3.0,1.0,,,,,,,,,,,
COMO,GK,1,BUTEZ,99.0,1.0,2.0,1.0,15.0,G01_UDINESE_COMO,1,,,,,,,,,,,,,,,,
COMO,OUT,27,YAN COUTO,92.0,,14.0,,,G01_UDINESE_COMO,1,43.0,28.0,80.0,2.0,2.0,,,1.0,,,,,,,,
COMO,OUT,4,RAMÓN,99.0,,23.0,,,G01_UDINESE_COMO,1,91.0,69.0,92.0,8.0,1.0,,1.0,1.0,,,,1.0,,,,
COMO,OUT,99,CHALOBAH,99.0,,11.0,,,G01_UDINESE_COMO,1,105.0,75.0,93.0,6.0,,,,1.0,1.0,,,,,,,
COMO,OUT,3,ÁLEX VALLE,99.0,,23.0,,,G01_UDINESE_COMO,1,85.0,63.0,88.0,5.0,1.0,,1.0,2.0,,,,,,,,
COMO,OUT,5,PERRONE,49.0,,13.0,,,G01_UDINESE_COMO,1,49.0,45.0,95.0,2.0,,,,,,,,,,,,
COMO,OUT,6,MILLA,99.0,,34.0,,,G01_UDINESE_COMO,1,103.0,68.0,88.0,9.0,4.0,,3.0,,,,,,,,,
COMO,OUT,10,NICO PAZ,92.0,,27.0,,,G01_UDINESE_COMO,1,73.0,43.0,89.0,6.0,1.0,,4.0,4.0,1.0,,,,,,,
COMO,OUT,20,BATURINA,49.0,,11.0,,,G01_UDINESE_COMO,1,24.0,17.0,80.0,,,,1.0,1.0,,,,,,,,
COMO,OUT,17,JESÚS RODRÍGUEZ,74.0,,7.0,,,G01_UDINESE_COMO,1,21.0,8.0,100.0,2.0,,,,2.0,,,,,1.0,,,
COMO,OUT,9,DOUVIKAS,99.0,,6.0,,,G01_UDINESE_COMO,1,19.0,6.0,75.0,,,,1.0,4.0,3.0,1.0,,,1.0,,,
COMO,OUT,7,DA CUNHA,51.0,,32.0,,,G01_UDINESE_COMO,1,56.0,51.0,98.0,1.0,1.0,,1.0,,,,,,,,,
COMO,OUT,8,CAQUERET,7.0,,,,,G01_UDINESE_COMO,1,3.0,3.0,100.0,,,,,,,,,,,,,
COMO,OUT,11,DIAO,51.0,,8.0,,,G01_UDINESE_COMO,1,21.0,9.0,90.0,1.0,2.0,,,2.0,,,,,,,,
COMO,OUT,28,SMOLČIĆ,7.0,,3.0,,,G01_UDINESE_COMO,1,11.0,7.0,87.0,1.0,,,,,,,,,,,,
COMO,OUT,30,LIBERALI,25.0,,6.0,,,G01_UDINESE_COMO,1,19.0,10.0,100.0,2.0,1.0,,1.0,2.0,1.0,,,,,,,
PARMA,GK,40,CORVI,99.0,1.0,4.0,1.0,5.0,G01_PARMA_CAGLIARI,1,,,,,,,,,,,,,,,,
PARMA,OUT,15,DELPRATO,99.0,,15.0,,,G01_PARMA_CAGLIARI,1,71.0,47.0,82.0,7.0,,,,2.0,,,,,,,,
PARMA,OUT,37,TROILO,88.0,,3.0,,,G01_PARMA_CAGLIARI,1,93.0,75.0,93.0,6.0,1.0,,1.0,,,,,,,,,
PARMA,OUT,3,NDIAYE,99.0,,5.0,,,G01_PARMA_CAGLIARI,1,70.0,53.0,89.0,3.0,,,2.0,1.0,,,,,,,,
PARMA,OUT,14,VALERI,99.0,,10.0,,,G01_PARMA_CAGLIARI,1,51.0,24.0,77.0,2.0,3.0,,1.0,2.0,1.0,,,,,,,
PARMA,OUT,16,KEITA,79.0,,13.0,,,G01_PARMA_CAGLIARI,1,30.0,22.0,95.0,1.0,1.0,,2.0,,,,,,,,,
PARMA,OUT,47,KONATÉ,88.0,,12.0,,,G01_PARMA_CAGLIARI,1,53.0,33.0,86.0,7.0,,,2.0,1.0,,,,,,,,
PARMA,OUT,32,ORDOÑEZ,99.0,,13.0,,,G01_PARMA_CAGLIARI,1,57.0,39.0,90.0,4.0,1.0,,5.0,2.0,,,,,,,,
PARMA,OUT,10,BERNABÉ,69.0,,14.0,,,G01_PARMA_CAGLIARI,1,47.0,30.0,76.0,2.0,1.0,,3.0,1.0,,,,,,,,
PARMA,OUT,19,E. TOURÉ,99.0,,10.0,,,G01_PARMA_CAGLIARI,1,22.0,11.0,73.0,1.0,,,1.0,1.0,1.0,,,,,,,
PARMA,OUT,76,LONTANI,79.0,,10.0,,,G01_PARMA_CAGLIARI,1,37.0,17.0,80.0,1.0,1.0,,2.0,1.0,,,,,,,,
PARMA,OUT,7,O. DIALLO,21.0,,,,,G01_PARMA_CAGLIARI,1,1.0,,,,,,,,,,,,,,,
PARMA,OUT,8,CREMASCHI,12.0,,,,,G01_PARMA_CAGLIARI,1,7.0,3.0,100.0,,,,1.0,,,,,,,,,
PARMA,OUT,11,ALMQVIST,31.0,,4.0,,,G01_PARMA_CAGLIARI,1,18.0,7.0,87.0,1.0,,,,,,,,,,,,
PARMA,OUT,23,ELPHEGE,12.0,,,,,G01_PARMA_CAGLIARI,1,2.0,1.0,100.0,,,,,1.0,,,,,,,,
PARMA,OUT,80,KOUDA,21.0,,2.0,,,G01_PARMA_CAGLIARI,1,16.0,3.0,42.0,1.0,,,,,,,,,,,,
CAGLIARI,GK,1,CAPRILE,99.0,,2.0,3.0,12.0,G01_PARMA_CAGLIARI,1,,,,,,,,,,,,,,,,
CAGLIARI,OUT,2,ZÉ PEDRO,70.0,,13.0,,,G01_PARMA_CAGLIARI,1,46.0,27.0,79.0,1.0,1.0,1.0,,1.0,,,,,,,,
CAGLIARI,OUT,14,DEIOLA,99.0,,13.0,,,G01_PARMA_CAGLIARI,1,63.0,53.0,100.0,4.0,,,,1.0,,,,,2.0,,,
CAGLIARI,OUT,15,RODRÍGUEZ,99.0,,20.0,,,G01_PARMA_CAGLIARI,1,100.0,71.0,93.0,4.0,,,,,,,,,,,,
CAGLIARI,OUT,33,OBERT,90.0,,17.0,,,G01_PARMA_CAGLIARI,1,60.0,44.0,95.0,4.0,2.0,,,,,,,,,,,
CAGLIARI,OUT,4,A. ROMANO,99.0,,37.0,,,G01_PARMA_CAGLIARI,1,79.0,56.0,87.0,5.0,1.0,,1.0,2.0,2.0,1.0,,,,,,
CAGLIARI,OUT,6,WINKS,99.0,,40.0,,,G01_PARMA_CAGLIARI,1,85.0,66.0,92.0,3.0,,,1.0,2.0,1.0,,,,,,,
CAGLIARI,OUT,10,FAZZINI,70.0,,15.0,,,G01_PARMA_CAGLIARI,1,45.0,28.0,87.0,2.0,2.0,1.0,1.0,1.0,1.0,,,1.0,,,,
CAGLIARI,OUT,8,ADOPO,99.0,,30.0,,,G01_PARMA_CAGLIARI,1,53.0,40.0,90.0,1.0,2.0,,,1.0,,,1.0,,,,,
CAGLIARI,OUT,70,MALDINI,90.0,,28.0,,,G01_PARMA_CAGLIARI,1,50.0,35.0,85.0,1.0,3.0,,,1.0,,,,,,,,
CAGLIARI,OUT,31,MENDY,70.0,,8.0,,,G01_PARMA_CAGLIARI,1,24.0,10.0,76.0,2.0,1.0,,1.0,4.0,1.0,,,1.0,,,,
CAGLIARI,OUT,17,FELICI,30.0,,3.0,,,G01_PARMA_CAGLIARI,1,10.0,4.0,57.0,,,,,,,,,,,,,
CAGLIARI,OUT,18,MUTANDWA,9.0,,,,,G01_PARMA_CAGLIARI,1,5.0,1.0,100.0,,,,,,,,,,,,,
CAGLIARI,OUT,24,AURELIO,9.0,,,,,G01_PARMA_CAGLIARI,1,5.0,,,,,,,,,,,,,,,
CAGLIARI,OUT,28,ZAPPA,30.0,,5.0,,,G01_PARMA_CAGLIARI,1,14.0,10.0,100.0,1.0,,,,,,,,,,,,
CAGLIARI,OUT,29,BORRELLI,30.0,,1.0,,,G01_PARMA_CAGLIARI,1,11.0,2.0,66.0,,,,1.0,1.0,,,,,,,,
ROMA,GK,99,SVILAR,94.0,,4.0,,12.0,G01_ROMA_FIORENTINA,1,,,,,,,,,,,,,,,,
ROMA,OUT,23,MANCINI,94.0,,17.0,,,G01_ROMA_FIORENTINA,1,59.0,42.0,93.0,7.0,2.0,,1.0,,,,,,,,,
ROMA,OUT,5,NDICKA,94.0,,7.0,,,G01_ROMA_FIORENTINA,1,84.0,66.0,98.0,5.0,,,,1.0,,,,,,,,
ROMA,OUT,22,HERMOSO,70.0,,22.0,,,G01_ROMA_FIORENTINA,1,65.0,45.0,90.0,3.0,,1.0,1.0,,,,,,,,,
ROMA,OUT,77,LULLI,94.0,,21.0,,,G01_ROMA_FIORENTINA,1,54.0,35.0,92.0,2.0,1.0,,1.0,1.0,,,,,,,,
ROMA,OUT,4,CRISTANTE,94.0,,34.0,,,G01_ROMA_FIORENTINA,1,107.0,72.0,88.0,9.0,1.0,,,,,,,,,,,
ROMA,OUT,17,M. KONÉ,81.0,,28.0,,,G01_ROMA_FIORENTINA,1,63.0,52.0,100.0,6.0,1.0,1.0,2.0,,,,,,,,,
ROMA,OUT,43,WESLEY,94.0,,24.0,,,G01_ROMA_FIORENTINA,1,55.0,37.0,84.0,1.0,3.0,,1.0,,,,,,,,,
ROMA,OUT,21,DYBALA,81.0,,28.0,,,G01_ROMA_FIORENTINA,1,61.0,35.0,81.0,2.0,4.0,,2.0,4.0,1.0,,3.0,,,,,
ROMA,OUT,86,RODRIGO MORA,56.0,,13.0,,,G01_ROMA_FIORENTINA,1,24.0,16.0,88.0,2.0,1.0,,,2.0,2.0,,,,,,,
ROMA,OUT,14,MALEN,70.0,,13.0,,,G01_ROMA_FIORENTINA,1,31.0,17.0,94.0,4.0,1.0,,2.0,5.0,3.0,3.0,,,1.0,,,
ROMA,OUT,3,KOULIERAKIS,25.0,,5.0,,,G01_ROMA_FIORENTINA,1,18.0,14.0,93.0,1.0,,,,,,,,,,,,
ROMA,OUT,8,EL AYNAOUI,14.0,,3.0,,,G01_ROMA_FIORENTINA,1,10.0,9.0,100.0,1.0,,,,,,,,,,,,
ROMA,OUT,9,CASTRO,25.0,,2.0,,,G01_ROMA_FIORENTINA,1,7.0,2.0,66.0,1.0,,,1.0,1.0,,,,,,,,
ROMA,OUT,18,SOULÉ,39.0,,11.0,,,G01_ROMA_FIORENTINA,1,29.0,18.0,90.0,3.0,,,,2.0,1.0,,,,1.0,,,
ROMA,OUT,61,PISILLI,14.0,,6.0,,,G01_ROMA_FIORENTINA,1,12.0,8.0,88.0,,1.0,,,1.0,1.0,1.0,,,,,,
FIORENTINA,GK,43,DE GEA,94.0,4.0,4.0,,30.0,G01_ROMA_FIORENTINA,1,,,,,,,,,,,,,,,,
FIORENTINA,OUT,2,DODÔ,94.0,,7.0,,,G01_ROMA_FIORENTINA,1,41.0,28.0,77.0,,,,1.0,1.0,,,,,,,,
FIORENTINA,OUT,3,DRĂGUȘIN,94.0,,2.0,,,G01_ROMA_FIORENTINA,1,44.0,24.0,100.0,8.0,,,1.0,1.0,,,,,,,,
FIORENTINA,OUT,6,RANIERI,94.0,,2.0,,,G01_ROMA_FIORENTINA,1,45.0,27.0,87.0,6.0,,,,,,,,,,,,
FIORENTINA,OUT,17,JOÃO MÁRIO,83.0,,12.0,,,G01_ROMA_FIORENTINA,1,52.0,28.0,82.0,8.0,1.0,,3.0,,,,,,,,,
FIORENTINA,OUT,27,NDOUR,94.0,,19.0,,,G01_ROMA_FIORENTINA,1,48.0,30.0,88.0,6.0,1.0,,,2.0,1.0,,,,,,,
FIORENTINA,OUT,44,FAGIOLI,64.0,,9.0,,,G01_ROMA_FIORENTINA,1,39.0,23.0,92.0,6.0,,1.0,,,,,,,,,,
FIORENTINA,OUT,4,BRESCIANINI,64.0,,4.0,,,G01_ROMA_FIORENTINA,1,16.0,14.0,93.0,,,,,1.0,1.0,,,,,,,
FIORENTINA,OUT,30,MASTANTUONO,64.0,,6.0,,,G01_ROMA_FIORENTINA,1,28.0,9.0,64.0,2.0,,,4.0,1.0,,,,,,,,
FIORENTINA,OUT,14,ATTA,76.0,,23.0,,,G01_ROMA_FIORENTINA,1,49.0,41.0,93.0,2.0,1.0,,,,,,,,,,,
FIORENTINA,OUT,32,PELLEGRINO,94.0,,10.0,,,G01_ROMA_FIORENTINA,1,26.0,11.0,73.0,1.0,2.0,1.0,3.0,,,,,,,,,
FIORENTINA,OUT,8,MANDRAGORA,19.0,,10.0,,,G01_ROMA_FIORENTINA,1,15.0,11.0,100.0,1.0,,,,,,,,,,,,
FIORENTINA,OUT,9,KEAN,31.0,,8.0,,,G01_ROMA_FIORENTINA,1,16.0,10.0,83.0,,,,2.0,2.0,2.0,,,,,,,
FIORENTINA,OUT,20,JIMÉNEZ,31.0,,2.0,,,G01_ROMA_FIORENTINA,1,10.0,5.0,83.0,,1.0,,,,,,,,,,,
FIORENTINA,OUT,21,VALDEPEÑAS,12.0,,1.0,,,G01_ROMA_FIORENTINA,1,5.0,4.0,100.0,,,,,,,,,,,,,
FIORENTINA,OUT,42,OULAÏ,31.0,,9.0,,,G01_ROMA_FIORENTINA,1,27.0,21.0,95.0,1.0,,,1.0,1.0,,,,,,,,
FROSINONE,GK,22,PALMISANI,103.0,1.0,4.0,2.0,23.0,G01_FROSINONE_JUVENTUS,1,,,,,,,,,,,,,,,,
FROSINONE,OUT,30,MONTERISI,71.0,,7.0,,,G01_FROSINONE_JUVENTUS,1,32.0,16.0,84.0,4.0,1.0,,,1.0,,,,,,,,
FROSINONE,OUT,3,CALVANI,103.0,,3.0,,,G01_FROSINONE_JUVENTUS,1,47.0,25.0,89.0,7.0,,1.0,,2.0,,,,1.0,,,,
FROSINONE,OUT,2,CITTADINI,103.0,,4.0,,,G01_FROSINONE_JUVENTUS,1,61.0,24.0,82.0,3.0,,,1.0,,,,,,,,,
FROSINONE,OUT,79,BRACAGLIA,80.0,,4.0,,,G01_FROSINONE_JUVENTUS,1,33.0,11.0,55.0,6.0,,,3.0,1.0,1.0,,,,,,,
FROSINONE,OUT,14,CALÒ,103.0,,6.0,,,G01_FROSINONE_JUVENTUS,1,50.0,29.0,76.0,6.0,3.0,,3.0,,,,,,,,,
FROSINONE,OUT,16,CICHELLA,71.0,,4.0,,,G01_FROSINONE_JUVENTUS,1,33.0,17.0,70.0,4.0,,,,,,,,,,,,
FROSINONE,OUT,10,SCHMID,63.0,,6.0,,,G01_FROSINONE_JUVENTUS,1,21.0,8.0,53.0,3.0,,1.0,2.0,,,,,,,,,
FROSINONE,OUT,40,FINI,63.0,,3.0,,,G01_FROSINONE_JUVENTUS,1,15.0,4.0,50.0,1.0,,,2.0,1.0,1.0,,,,,,,
FROSINONE,OUT,9,RAIMONDO,103.0,,3.0,,,G01_FROSINONE_JUVENTUS,1,18.0,3.0,50.0,2.0,1.0,,,1.0,,,,,,,,
FROSINONE,OUT,17,KVERNADZE,103.0,,11.0,,,G01_FROSINONE_JUVENTUS,1,33.0,12.0,85.0,4.0,1.0,,2.0,3.0,,,,,,,,
FROSINONE,OUT,20,A. OYONO,33.0,,8.0,,,G01_FROSINONE_JUVENTUS,1,24.0,13.0,92.0,5.0,,,1.0,,,,,,,,,
FROSINONE,OUT,24,ZERBIN,40.0,,4.0,,,G01_FROSINONE_JUVENTUS,1,14.0,4.0,66.0,,1.0,,1.0,,,,,,,,,
FROSINONE,OUT,70,HASA,33.0,,8.0,,,G01_FROSINONE_JUVENTUS,1,14.0,9.0,75.0,,2.0,,1.0,1.0,,,,,,,,
FROSINONE,OUT,71,TERZIĆ,23.0,,2.0,,,G01_FROSINONE_JUVENTUS,1,17.0,6.0,75.0,1.0,,,1.0,1.0,,,,,,,,
FROSINONE,OUT,73,MASINI,40.0,,3.0,,,G01_FROSINONE_JUVENTUS,1,22.0,6.0,75.0,3.0,,,1.0,,,,,,,,,
JUVENTUS,GK,25,VICARIO,95.0,,2.0,,16.0,G01_FROSINONE_JUVENTUS,1,,,,,,,,,,,,,,,,
JUVENTUS,GK,1,PERIN,8.0,,,,5.0,G01_FROSINONE_JUVENTUS,1,,,,,,,,,,,,,,,,
JUVENTUS,OUT,15,KALULU,103.0,,20.0,,,G01_FROSINONE_JUVENTUS,1,67.0,36.0,87.0,8.0,1.0,,,1.0,1.0,,,1.0,,,,
JUVENTUS,OUT,3,BREMER,103.0,,3.0,,,G01_FROSINONE_JUVENTUS,1,55.0,30.0,85.0,7.0,3.0,,,2.0,1.0,1.0,,,1.0,,,
JUVENTUS,OUT,6,KELLY,103.0,,5.0,,,G01_FROSINONE_JUVENTUS,1,68.0,54.0,87.0,4.0,,,1.0,1.0,,,,,,,,
JUVENTUS,OUT,2,ÇELIK,73.0,,17.0,,,G01_FROSINONE_JUVENTUS,1,51.0,40.0,93.0,4.0,1.0,1.0,,,,,,,,,,
JUVENTUS,OUT,5,LOCATELLI,103.0,,18.0,,,G01_FROSINONE_JUVENTUS,1,85.0,52.0,86.0,8.0,1.0,,4.0,,,,,,,,,
JUVENTUS,OUT,12,DOUGLAS LUIZ,83.0,,34.0,,,G01_FROSINONE_JUVENTUS,1,60.0,43.0,93.0,4.0,2.0,,3.0,3.0,,,,,,,,
JUVENTUS,OUT,7,CONCEIÇÃO,73.0,,22.0,,,G01_FROSINONE_JUVENTUS,1,51.0,27.0,93.0,4.0,2.0,,1.0,4.0,1.0,,1.0,,1.0,,,
JUVENTUS,OUT,22,MCKENNIE,103.0,,22.0,,,G01_FROSINONE_JUVENTUS,1,60.0,41.0,87.0,5.0,,,1.0,2.0,,,,,,,,
JUVENTUS,OUT,10,YILDIZ,73.0,,10.0,,,G01_FROSINONE_JUVENTUS,1,30.0,17.0,94.0,5.0,3.0,,2.0,2.0,1.0,,,,,,,
JUVENTUS,OUT,9,KOLO MUANI,103.0,,12.0,,,G01_FROSINONE_JUVENTUS,1,32.0,16.0,66.0,1.0,1.0,,2.0,2.0,1.0,,,,1.0,,,
JUVENTUS,OUT,8,KOOPMEINERS,20.0,,3.0,,,G01_FROSINONE_JUVENTUS,1,13.0,8.0,80.0,2.0,,,,1.0,,,,,,,,
JUVENTUS,OUT,11,ZHEGROVA,30.0,,9.0,,,G01_FROSINONE_JUVENTUS,1,28.0,16.0,88.0,3.0,2.0,,,1.0,,,,,,,,
JUVENTUS,OUT,13,BOGA,30.0,,5.0,,,G01_FROSINONE_JUVENTUS,1,12.0,6.0,100.0,1.0,,,,,,,,,,,,
JUVENTUS,OUT,20,CAMBIASO,30.0,,10.0,,,G01_FROSINONE_JUVENTUS,1,23.0,18.0,90.0,1.0,,1.0,1.0,,,,,,,,,
VENEZIA,GK,1,F. STANKOVIĆ,97.0,2.0,2.0,,11.0,G01_VENEZIA_LECCE,1,,,,,,,,,,,,,,,,
VENEZIA,OUT,3,SCHINGTIENNE,97.0,,15.0,,,G01_VENEZIA_LECCE,1,89.0,72.0,88.0,5.0,1.0,,,,,,,,,,,
VENEZIA,OUT,17,BELLA-KOTCHAP,97.0,,10.0,,,G01_VENEZIA_LECCE,1,98.0,66.0,91.0,10.0,,,3.0,1.0,,,,,1.0,,,
VENEZIA,OUT,4,FRANJIĆ,97.0,,27.0,,,G01_VENEZIA_LECCE,1,101.0,71.0,85.0,7.0,,,,2.0,2.0,,,,1.0,,,
VENEZIA,OUT,18,HAINAUT,88.0,,30.0,,,G01_VENEZIA_LECCE,1,62.0,39.0,92.0,6.0,1.0,,,2.0,,,,,,,,
VENEZIA,OUT,71,KIKE PÉREZ,73.0,,22.0,,,G01_VENEZIA_LECCE,1,65.0,42.0,80.0,5.0,1.0,,2.0,,,,,,,,,
VENEZIA,OUT,6,BUSIO,97.0,,51.0,,,G01_VENEZIA_LECCE,1,122.0,99.0,97.0,8.0,1.0,,1.0,3.0,,,,,,,,
VENEZIA,OUT,26,BAŠIĆ,88.0,,21.0,,,G01_VENEZIA_LECCE,1,65.0,42.0,82.0,1.0,2.0,,1.0,,,,,,,,,
VENEZIA,OUT,14,CORREIA,67.0,,13.0,,,G01_VENEZIA_LECCE,1,44.0,22.0,70.0,3.0,1.0,,,3.0,,,,,,,,
VENEZIA,OUT,45,A. ADAMS,97.0,,12.0,,,G01_VENEZIA_LECCE,1,30.0,14.0,73.0,4.0,1.0,,,3.0,1.0,,,,,,,
VENEZIA,OUT,10,YEBOAH,97.0,,17.0,,,G01_VENEZIA_LECCE,1,39.0,24.0,82.0,1.0,2.0,,2.0,1.0,1.0,,,,,,,
VENEZIA,OUT,5,HAPS,31.0,,9.0,,,G01_VENEZIA_LECCE,1,16.0,9.0,100.0,,1.0,,1.0,1.0,1.0,,,,1.0,,,
VENEZIA,OUT,7,AL. RRAHMANI,9.0,,2.0,,,G01_VENEZIA_LECCE,1,6.0,2.0,100.0,,,,,2.0,1.0,,,,,,,
VENEZIA,OUT,20,SAGRADO,9.0,,5.0,,,G01_VENEZIA_LECCE,1,12.0,7.0,87.0,2.0,,,,,,,,,,,,
VENEZIA,OUT,30,DAGASSO,25.0,,10.0,,,G01_VENEZIA_LECCE,1,24.0,18.0,90.0,2.0,,1.0,,,,,,,,,,
LECCE,GK,30,FALCONE,97.0,,6.0,,29.0,G01_VENEZIA_LECCE,1,,,,,,,,,,,,,,,,
LECCE,OUT,17,DANILO VEIGA,97.0,,6.0,,,G01_VENEZIA_LECCE,1,51.0,24.0,70.0,5.0,1.0,1.0,2.0,,,,1.0,,,,,
LECCE,OUT,4,GASPAR,97.0,,1.0,,,G01_VENEZIA_LECCE,1,32.0,11.0,84.0,2.0,,1.0,,,,,,,,,,
LECCE,OUT,5,SIEBERT,97.0,,4.0,,,G01_VENEZIA_LECCE,1,44.0,21.0,84.0,4.0,2.0,,,,,,,,,,,
LECCE,OUT,25,GALLO,48.0,,5.0,,,G01_VENEZIA_LECCE,1,17.0,7.0,70.0,,,,,1.0,,,,,,,,
LECCE,OUT,29,L. COULIBALY,97.0,,16.0,,,G01_VENEZIA_LECCE,1,53.0,22.0,75.0,8.0,2.0,,2.0,1.0,,,1.0,1.0,,,,
LECCE,OUT,79,NGOM,97.0,,10.0,,,G01_VENEZIA_LECCE,1,47.0,26.0,81.0,6.0,1.0,1.0,,1.0,,,,,,,,
LECCE,OUT,28,GORTER,64.0,,5.0,,,G01_VENEZIA_LECCE,1,17.0,9.0,69.0,,1.0,,1.0,1.0,1.0,1.0,,,,,,
LECCE,OUT,50,PIEROTTI,94.0,,19.0,,,G01_VENEZIA_LECCE,1,51.0,27.0,87.0,6.0,1.0,,,1.0,1.0,,,,,,,
LECCE,OUT,69,GEUBBELS,76.0,,6.0,,,G01_VENEZIA_LECCE,1,19.0,6.0,66.0,2.0,,,1.0,,,,,,,,,
LECCE,OUT,11,N'DRI,76.0,,6.0,,,G01_VENEZIA_LECCE,1,30.0,9.0,81.0,1.0,,,,1.0,,,,,,,,
LECCE,OUT,3,NDABA,49.0,,6.0,,,G01_VENEZIA_LECCE,1,23.0,11.0,78.0,2.0,,,,,,,,,,,,
LECCE,OUT,9,ŠTULIĆ,21.0,,4.0,,,G01_VENEZIA_LECCE,1,8.0,4.0,100.0,,,,,3.0,1.0,,,,2.0,,,
LECCE,OUT,14,MALEH,33.0,,5.0,,,G01_VENEZIA_LECCE,1,15.0,6.0,66.0,4.0,1.0,,1.0,1.0,1.0,,,,,,,
LECCE,OUT,16,GANDELMAN,3.0,,,,,G01_VENEZIA_LECCE,1,1.0,,,,,,,,,,,,,,,
LECCE,OUT,44,TIAGO GABRIEL,21.0,,2.0,,,G01_VENEZIA_LECCE,1,12.0,4.0,100.0,1.0,,,,1.0,1.0,1.0,,,,,,
BOLOGNA,GK,1,SKORUPSKI,102.0,1.0,2.0,3.0,9.0,G01_BOLOGNA_LAZIO,1,,,,,,,,,,,,,,,,
BOLOGNA,OUT,20,ZORTEA,73.0,,4.0,,,G01_BOLOGNA_LAZIO,1,36.0,25.0,89.0,3.0,,,,1.0,,,,,,,,
BOLOGNA,OUT,5,HELLAND,102.0,,7.0,,,G01_BOLOGNA_LAZIO,1,78.0,65.0,94.0,4.0,,,,2.0,2.0,,,,,,,
BOLOGNA,OUT,14,HEGGEM,102.0,,15.0,,,G01_BOLOGNA_LAZIO,1,75.0,65.0,95.0,3.0,1.0,1.0,1.0,,,,,,,,,
BOLOGNA,OUT,33,MIRANDA,102.0,,24.0,,,G01_BOLOGNA_LAZIO,1,63.0,35.0,81.0,4.0,2.0,,,,,,,,,,,
BOLOGNA,OUT,21,ODGAARD,102.0,,9.0,,,G01_BOLOGNA_LAZIO,1,36.0,20.0,90.0,1.0,,1.0,3.0,3.0,1.0,,,,1.0,,,
BOLOGNA,OUT,17,O. EL AZZOUZI,83.0,,17.0,,,G01_BOLOGNA_LAZIO,1,60.0,51.0,92.0,4.0,1.0,1.0,2.0,,,,,,,,,
BOLOGNA,OUT,19,L. FERGUSON,102.0,,34.0,,,G01_BOLOGNA_LAZIO,1,94.0,76.0,91.0,3.0,2.0,,,1.0,1.0,,,,,,,
BOLOGNA,OUT,7,ORSOLINI,65.0,,2.0,,,G01_BOLOGNA_LAZIO,1,16.0,7.0,70.0,,2.0,,1.0,,,,,,,,,
BOLOGNA,OUT,91,PICCOLI,65.0,,6.0,,,G01_BOLOGNA_LAZIO,1,17.0,7.0,100.0,2.0,,,3.0,1.0,,,,,,,,
BOLOGNA,OUT,28,CAMBIAGHI,65.0,,9.0,,,G01_BOLOGNA_LAZIO,1,25.0,11.0,78.0,1.0,,1.0,4.0,2.0,,,,,,,,
BOLOGNA,OUT,2,HOLM,29.0,,4.0,,,G01_BOLOGNA_LAZIO,1,19.0,7.0,58.0,3.0,,,1.0,1.0,,,,,,,,
BOLOGNA,OUT,8,AMONDARAIN,19.0,,6.0,,,G01_BOLOGNA_LAZIO,1,16.0,12.0,92.0,1.0,,,,,,,,,,,,
BOLOGNA,OUT,9,DOVBYK,37.0,,1.0,,,G01_BOLOGNA_LAZIO,1,1.0,1.0,100.0,,,,,,,,,,,,,
BOLOGNA,OUT,10,BERNARDESCHI,37.0,,6.0,,,G01_BOLOGNA_LAZIO,1,20.0,11.0,100.0,2.0,,,2.0,2.0,1.0,,,1.0,,,,
BOLOGNA,OUT,11,ROWE,37.0,,5.0,,,G01_BOLOGNA_LAZIO,1,17.0,8.0,72.0,,,,2.0,1.0,1.0,,,,,,,
LAZIO,GK,35,MANDAS,102.0,,4.0,1.0,15.0,G01_BOLOGNA_LAZIO,1,,,,,,,,,,,,,,,,
LAZIO,OUT,77,MARUŠIĆ,19.0,,1.0,,,G01_BOLOGNA_LAZIO,1,16.0,9.0,75.0,1.0,,,1.0,,,,,,,,,
LAZIO,OUT,5,DOEKHI,102.0,,4.0,,,G01_BOLOGNA_LAZIO,1,48.0,32.0,94.0,4.0,,,2.0,,,,,,,,,
LAZIO,OUT,25,PROVSTGAARD,102.0,,2.0,,,G01_BOLOGNA_LAZIO,1,51.0,32.0,84.0,4.0,,1.0,1.0,,,,,,,,,
LAZIO,OUT,23,PEDRAZA,83.0,,10.0,,,G01_BOLOGNA_LAZIO,1,25.0,15.0,88.0,1.0,1.0,,,1.0,,,,,,,,
LAZIO,OUT,7,DELE-BASHIRU,59.0,,13.0,,,G01_BOLOGNA_LAZIO,1,25.0,19.0,82.0,,,,2.0,,,,,,,,,
LAZIO,OUT,6,ROVELLA,102.0,,25.0,,,G01_BOLOGNA_LAZIO,1,59.0,42.0,89.0,6.0,1.0,,2.0,1.0,,,,,,,,
LAZIO,OUT,24,TAYLOR,102.0,,11.0,,,G01_BOLOGNA_LAZIO,1,28.0,19.0,90.0,2.0,1.0,,1.0,,,,,,,,,
LAZIO,OUT,22,CANCELLIERI,50.0,,10.0,,,G01_BOLOGNA_LAZIO,1,18.0,12.0,100.0,,1.0,1.0,1.0,2.0,1.0,,,,,,,
LAZIO,OUT,19,DIA,83.0,,14.0,,,G01_BOLOGNA_LAZIO,1,25.0,19.0,82.0,,4.0,1.0,,,,,1.0,,,,,
LAZIO,OUT,10,ZACCAGNI,102.0,,10.0,,,G01_BOLOGNA_LAZIO,1,37.0,14.0,77.0,3.0,1.0,,1.0,3.0,1.0,,,,,,,
LAZIO,OUT,11,ISAKSEN,52.0,,7.0,,,G01_BOLOGNA_LAZIO,1,21.0,10.0,83.0,2.0,,,3.0,1.0,,,,,,,,
LAZIO,OUT,14,NOSLIN,19.0,,1.0,,,G01_BOLOGNA_LAZIO,1,4.0,1.0,50.0,,,,,,,,,,,,,
LAZIO,OUT,15,FLORIANI M.,84.0,,16.0,,,G01_BOLOGNA_LAZIO,1,43.0,26.0,89.0,1.0,,1.0,,1.0,,,,,,,,
LAZIO,OUT,16,FRATTESI,44.0,,4.0,,,G01_BOLOGNA_LAZIO,1,14.0,6.0,100.0,4.0,,,2.0,1.0,1.0,1.0,,,1.0,,,
LAZIO,OUT,17,NUNO TAVARES,19.0,,1.0,,,G01_BOLOGNA_LAZIO,1,15.0,2.0,28.0,5.0,,,,,,,,,,,,
INTER,GK,1,J. MARTÍNEZ,96.0,3.0,2.0,,8.0,G04_INTER_UDINESE,4,,,,,,,,,,,,,,,,
INTER,OUT,25,AKANJI,96.0,,33.0,,,G04_INTER_UDINESE,4,83.0,67.0,95.0,5.0,,,,2.0,1.0,,,,,,,
INTER,OUT,6,STONES,63.0,,21.0,,,G04_INTER_UDINESE,4,79.0,67.0,95.0,3.0,,,,1.0,,,,,,,,
INTER,OUT,95,BASTONI,71.0,,25.0,,,G04_INTER_UDINESE,4,91.0,69.0,89.0,8.0,,,1.0,,,,,,,,,
INTER,OUT,17,DIOUF,96.0,,30.0,,,G04_INTER_UDINESE,4,53.0,41.0,91.0,6.0,3.0,,,1.0,,,1.0,,,,,
INTER,OUT,23,BARELLA,96.0,,39.0,,,G04_INTER_UDINESE,4,79.0,59.0,93.0,2.0,5.0,,1.0,3.0,2.0,1.0,,,,,,
INTER,OUT,7,ZIELIŃSKI,83.0,,45.0,,,G04_INTER_UDINESE,4,85.0,73.0,92.0,,1.0,,1.0,3.0,,,1.0,,,,,
INTER,OUT,22,MKHITARYAN,63.0,,17.0,,,G04_INTER_UDINESE,4,45.0,30.0,93.0,3.0,2.0,1.0,1.0,6.0,1.0,,,,,,,
INTER,OUT,30,CARLOS AUGUSTO,96.0,,22.0,,,G04_INTER_UDINESE,4,72.0,52.0,96.0,6.0,1.0,,,2.0,2.0,1.0,,,,,,
INTER,OUT,94,P. ESPOSITO,96.0,,10.0,,,G04_INTER_UDINESE,4,23.0,11.0,73.0,,,,2.0,2.0,1.0,1.0,,,1.0,,,
INTER,OUT,9,M. THURAM,71.0,,10.0,,,G04_INTER_UDINESE,4,25.0,13.0,86.0,,3.0,,2.0,4.0,3.0,1.0,1.0,,1.0,,,
INTER,OUT,5,A. STANKOVIĆ,13.0,,1.0,,,G04_INTER_UDINESE,4,13.0,12.0,100.0,,,,,1.0,,,,1.0,,,,
INTER,OUT,14,BONNY,25.0,,5.0,,,G04_INTER_UDINESE,4,11.0,5.0,100.0,1.0,,,,2.0,2.0,1.0,,,2.0,,,
INTER,OUT,21,JONES,34.0,,25.0,,,G04_INTER_UDINESE,4,46.0,40.0,97.0,2.0,,,,,,,,,,,,
INTER,OUT,28,PAVARD,34.0,,4.0,,,G04_INTER_UDINESE,4,32.0,28.0,100.0,1.0,,,,,,,,,,,,
INTER,OUT,32,DIMARCO,25.0,,10.0,,,G04_INTER_UDINESE,4,27.0,21.0,95.0,,1.0,,,,,,,,,,,
UDINESE,GK,40,OKOYE,96.0,5.0,7.0,4.0,16.0,G04_INTER_UDINESE,4,,,,,,,,,,,,,,,,
UDINESE,OUT,14,ABANKWAH,96.0,,6.0,,,G04_INTER_UDINESE,4,53.0,35.0,85.0,2.0,,,2.0,1.0,1.0,1.0,,,1.0,,,
UDINESE,OUT,27,KABASELE,96.0,,5.0,,,G04_INTER_UDINESE,4,51.0,33.0,91.0,,,,2.0,,,,,,,,,
UDINESE,OUT,77,EBOSSE,96.0,,8.0,,,G04_INTER_UDINESE,4,61.0,44.0,86.0,2.0,,,,,,,,,,,,
UDINESE,OUT,23,VOJVODA,75.0,,9.0,,,G04_INTER_UDINESE,4,38.0,29.0,87.0,2.0,,,2.0,,,,,,,,,
UDINESE,OUT,8,KARLSTRÖM,96.0,,8.0,,,G04_INTER_UDINESE,4,43.0,24.0,82.0,5.0,,,,1.0,1.0,,,,,,,
UDINESE,OUT,38,MILLER,75.0,,3.0,,,G04_INTER_UDINESE,4,25.0,13.0,68.0,3.0,,,,,,,,,,,,
UDINESE,OUT,11,KAMARA,96.0,,7.0,,,G04_INTER_UDINESE,4,40.0,21.0,95.0,4.0,1.0,,2.0,,,,,,,,,
UDINESE,OUT,46,UNAI GÓMEZ,63.0,,7.0,,,G04_INTER_UDINESE,4,16.0,11.0,91.0,,1.0,,,,,,1.0,,,,,
UDINESE,OUT,32,EKKELENKAMP,82.0,,4.0,,,G04_INTER_UDINESE,4,26.0,13.0,76.0,3.0,,,1.0,2.0,1.0,1.0,,,1.0,,,
UDINESE,OUT,9,DAVIS,82.0,,11.0,,,G04_INTER_UDINESE,4,30.0,17.0,73.0,3.0,1.0,1.0,,,,,1.0,,,,,
UDINESE,OUT,4,LOVRIĆ,14.0,,2.0,,,G04_INTER_UDINESE,4,9.0,4.0,100.0,,1.0,,,,,,,,,,,
UDINESE,OUT,7,GUEYE,34.0,,1.0,,,G04_INTER_UDINESE,4,8.0,3.0,75.0,1.0,,,,1.0,1.0,1.0,,,,,,
UDINESE,OUT,13,BERTOLA,21.0,,2.0,,,G04_INTER_UDINESE,4,7.0,4.0,80.0,,,,,,,,,,,,,
UDINESE,OUT,15,BAYO,14.0,,3.0,,,G04_INTER_UDINESE,4,4.0,3.0,100.0,,1.0,,,1.0,1.0,,,,,,,
UDINESE,OUT,30,CHAKVETADZE,21.0,,5.0,,,G04_INTER_UDINESE,4,8.0,5.0,71.0,,,,,,,,,,,,,
COMO,GK,97,SÁNCHEZ,95.0,1.0,3.0,,14.0,G04_COMO_PARMA,4,,,,,,,,,,,,,,,,
COMO,OUT,27,YAN COUTO,95.0,,51.0,,,G04_COMO_PARMA,4,86.0,65.0,87.0,3.0,1.0,,,2.0,2.0,,,,1.0,,,
COMO,OUT,4,RAMÓN,95.0,,34.0,,,G04_COMO_PARMA,4,95.0,74.0,92.0,5.0,,,,1.0,1.0,1.0,,,1.0,,,
COMO,OUT,2,KEMPF,95.0,,24.0,,,G04_COMO_PARMA,4,88.0,68.0,95.0,9.0,1.0,,,2.0,,,,,,,,
COMO,OUT,16,KAIKI,95.0,,17.0,,,G04_COMO_PARMA,4,70.0,35.0,85.0,5.0,2.0,,1.0,2.0,1.0,1.0,,,2.0,,,
COMO,OUT,5,PERRONE,95.0,,51.0,,,G04_COMO_PARMA,4,95.0,76.0,91.0,7.0,3.0,,1.0,1.0,,,,,,,,
COMO,OUT,7,DA CUNHA,81.0,,49.0,,,G04_COMO_PARMA,4,95.0,74.0,94.0,7.0,3.0,,,1.0,,,,,,,,
COMO,OUT,11,DIAO,56.0,,25.0,,,G04_COMO_PARMA,4,44.0,27.0,96.0,1.0,2.0,,,,,,,,,,,
COMO,OUT,10,NICO PAZ,81.0,,47.0,,,G04_COMO_PARMA,4,88.0,58.0,87.0,2.0,,,,5.0,,,1.0,,,,,
COMO,OUT,20,BATURINA,56.0,,28.0,,,G04_COMO_PARMA,4,48.0,37.0,92.0,4.0,,,,2.0,,,,,,,,
COMO,OUT,90,KEAN,65.0,,4.0,,,G04_COMO_PARMA,4,19.0,7.0,87.0,,1.0,,1.0,2.0,1.0,,,,,,,
COMO,OUT,6,MILLA,14.0,,7.0,,,G04_COMO_PARMA,4,12.0,11.0,100.0,,,,,1.0,,,,,,,,
COMO,OUT,8,CAQUERET,40.0,,19.0,,,G04_COMO_PARMA,4,37.0,25.0,78.0,,1.0,1.0,,,,,,,,,,
COMO,OUT,9,DOUVIKAS,31.0,,2.0,,,G04_COMO_PARMA,4,7.0,5.0,100.0,1.0,1.0,,,1.0,1.0,,,,1.0,,,
COMO,OUT,17,JESÚS RODRÍGUEZ,40.0,,17.0,,,G04_COMO_PARMA,4,35.0,21.0,91.0,1.0,1.0,,,5.0,1.0,,,,,,,
COMO,OUT,21,RICCI,14.0,,9.0,,,G04_COMO_PARMA,4,15.0,14.0,100.0,,2.0,,,,,,,,,,,
PARMA,GK,40,CORVI,95.0,2.0,5.0,,14.0,G04_COMO_PARMA,4,,,,,,,,,,,,,,,,
PARMA,OUT,15,DELPRATO,95.0,,7.0,,,G04_COMO_PARMA,4,59.0,35.0,92.0,7.0,1.0,,,,,,,,,,,
PARMA,OUT,34,DIEGO CARLOS,95.0,,12.0,,,G04_COMO_PARMA,4,74.0,44.0,81.0,2.0,,,,1.0,,,,,1.0,,,
PARMA,OUT,37,TROILO,95.0,,7.0,,,G04_COMO_PARMA,4,78.0,52.0,85.0,5.0,,,1.0,,,,,,,,,
PARMA,OUT,27,BRITSCHGI,81.0,,13.0,,,G04_COMO_PARMA,4,36.0,23.0,92.0,6.0,,,1.0,,,,,,,,,
PARMA,OUT,4,SIERRO,65.0,,8.0,,,G04_COMO_PARMA,4,41.0,26.0,78.0,2.0,2.0,,1.0,1.0,,,,,,,,
PARMA,OUT,16,KEITA,95.0,,11.0,,,G04_COMO_PARMA,4,54.0,39.0,92.0,5.0,2.0,,1.0,1.0,,,,,,,,
PARMA,OUT,14,VALERI,95.0,,5.0,,,G04_COMO_PARMA,4,38.0,13.0,72.0,3.0,2.0,,1.0,,,,,,,,,
PARMA,OUT,19,E. TOURÉ,56.0,,2.0,,,G04_COMO_PARMA,4,11.0,2.0,66.0,,,,,1.0,1.0,,,,,,,
PARMA,OUT,76,LONTANI,81.0,,9.0,,,G04_COMO_PARMA,4,26.0,13.0,72.0,4.0,,,1.0,2.0,,,,,1.0,,,
PARMA,OUT,23,ELPHEGE,65.0,,5.0,,,G04_COMO_PARMA,4,19.0,10.0,71.0,,1.0,,,1.0,,,,,,,,
PARMA,OUT,9,ROMERO,31.0,,4.0,,,G04_COMO_PARMA,4,12.0,5.0,100.0,1.0,,,1.0,4.0,3.0,1.0,,1.0,2.0,,,
PARMA,OUT,10,BERNABÉ,31.0,,11.0,,,G04_COMO_PARMA,4,19.0,14.0,77.0,,,,1.0,,,,,,,,,
PARMA,OUT,11,ALMQVIST,15.0,,1.0,,,G04_COMO_PARMA,4,4.0,1.0,33.0,,1.0,,,,,,1.0,,,,,
PARMA,OUT,20,FRIGAN,40.0,,3.0,,,G04_COMO_PARMA,4,6.0,4.0,100.0,,1.0,,,1.0,,,,,,,,
PARMA,OUT,80,FABBIAN,15.0,,,,,G04_COMO_PARMA,4,3.0,1.0,33.0,,,,,,,,,,,,,
GENOA,GK,1,BIJLOW,99.0,1.0,5.0,,36.0,G04_GENOA_FROSINONE,4,,,,,,,,,,,,,,,,
GENOA,OUT,27,MARCANDALLI,99.0,,8.0,,,G04_GENOA_FROSINONE,4,53.0,19.0,65.0,9.0,2.0,,1.0,,,,,,,,,
GENOA,OUT,5,ØSTIGÅRD,99.0,,5.0,,,G04_GENOA_FROSINONE,4,47.0,18.0,78.0,3.0,,,,2.0,1.0,,,,,,,
GENOA,OUT,22,J. VÁSQUEZ,90.0,,5.0,,,G04_GENOA_FROSINONE,4,62.0,22.0,56.0,4.0,,,1.0,2.0,1.0,1.0,,,,1.0,1.0,
GENOA,OUT,77,ELLERTSSON,83.0,,8.0,,,G04_GENOA_FROSINONE,4,36.0,14.0,60.0,5.0,1.0,,,,,,,,,,,
GENOA,OUT,97,SOW,83.0,,13.0,,,G04_GENOA_FROSINONE,4,45.0,19.0,73.0,2.0,4.0,,1.0,,,,1.0,,,,,
GENOA,OUT,32,FRENDRUP,99.0,,5.0,,,G04_GENOA_FROSINONE,4,39.0,16.0,76.0,3.0,,,1.0,,,,,,,,,
GENOA,OUT,8,BALDANZI,49.0,,6.0,,,G04_GENOA_FROSINONE,4,15.0,9.0,81.0,1.0,,,,2.0,1.0,,,,1.0,,,
GENOA,OUT,3,EHIZIBUE,64.0,,10.0,,,G04_GENOA_FROSINONE,4,38.0,14.0,63.0,3.0,,1.0,1.0,3.0,,,,,,,,
GENOA,OUT,29,LO. COLOMBO,74.0,,4.0,,,G04_GENOA_FROSINONE,4,24.0,5.0,45.0,1.0,1.0,,2.0,2.0,1.0,,,,1.0,,,
GENOA,OUT,18,OSMAJIĆ,99.0,,7.0,,,G04_GENOA_FROSINONE,4,22.0,8.0,72.0,,1.0,,2.0,1.0,,,,,,,,
GENOA,OUT,4,AMORIM,16.0,,1.0,,,G04_GENOA_FROSINONE,4,9.0,3.0,75.0,,1.0,,,,,,,,,,,
GENOA,OUT,9,VITINHA,25.0,,1.0,,,G04_GENOA_FROSINONE,4,10.0,2.0,50.0,1.0,,,,1.0,1.0,,,,,,,
GENOA,OUT,10,MESSIAS,50.0,,5.0,,,G04_GENOA_FROSINONE,4,28.0,6.0,66.0,2.0,1.0,,1.0,3.0,,,,,,,,
GENOA,OUT,11,MEICHTRY,16.0,,2.0,,,G04_GENOA_FROSINONE,4,5.0,2.0,100.0,,,,,1.0,,,,,,,,
GENOA,OUT,92,EL SHAARAWY,35.0,,7.0,,,G04_GENOA_FROSINONE,4,14.0,10.0,83.0,1.0,,,,,,,,,,,,
FROSINONE,GK,22,PALMISANI,99.0,1.0,4.0,1.0,18.0,G04_GENOA_FROSINONE,4,,,,,,,,,,,,,,,,
FROSINONE,OUT,20,A. OYONO,99.0,,35.0,,,G04_GENOA_FROSINONE,4,77.0,46.0,83.0,2.0,,,1.0,3.0,,,,,,,,
FROSINONE,OUT,3,CALVANI,99.0,,4.0,,,G04_GENOA_FROSINONE,4,52.0,16.0,88.0,14.0,,,2.0,1.0,,,,,,,,
FROSINONE,OUT,2,CITTADINI,49.0,,3.0,,,G04_GENOA_FROSINONE,4,41.0,17.0,94.0,4.0,,1.0,,,,,,,,,,
FROSINONE,OUT,79,BRACAGLIA,99.0,,15.0,,,G04_GENOA_FROSINONE,4,54.0,26.0,81.0,3.0,1.0,1.0,,2.0,,,,,,,,
FROSINONE,OUT,73,MASINI,99.0,,13.0,,,G04_GENOA_FROSINONE,4,63.0,25.0,67.0,5.0,,,1.0,3.0,,,,,,,,
FROSINONE,OUT,14,CALÒ,99.0,,36.0,,,G04_GENOA_FROSINONE,4,95.0,61.0,87.0,1.0,4.0,,1.0,5.0,1.0,,,1.0,,,,
FROSINONE,OUT,7,GHEDJEMIS,75.0,,16.0,,,G04_GENOA_FROSINONE,4,35.0,18.0,90.0,,1.0,,2.0,2.0,,,,,,,,
FROSINONE,OUT,10,SCHMID,75.0,,21.0,,,G04_GENOA_FROSINONE,4,38.0,27.0,84.0,,1.0,,,,,,1.0,,,,,
FROSINONE,OUT,17,KVERNADZE,91.0,,7.0,,,G04_GENOA_FROSINONE,4,22.0,8.0,80.0,1.0,5.0,,3.0,2.0,2.0,1.0,,,,,,
FROSINONE,OUT,9,RAIMONDO,75.0,,5.0,,,G04_GENOA_FROSINONE,4,12.0,5.0,71.0,1.0,,,1.0,1.0,,,,,,,,
FROSINONE,OUT,24,ZERBIN,8.0,,1.0,,,G04_GENOA_FROSINONE,4,5.0,1.0,100.0,,,,,2.0,1.0,,,,,,,
FROSINONE,OUT,30,MONTERISI,50.0,,6.0,,,G04_GENOA_FROSINONE,4,34.0,16.0,88.0,5.0,1.0,,,1.0,,,,,,,,
FROSINONE,OUT,40,FINI,24.0,,11.0,,,G04_GENOA_FROSINONE,4,20.0,12.0,92.0,,3.0,,1.0,,,,,,,,,
FROSINONE,OUT,70,HASA,24.0,,10.0,,,G04_GENOA_FROSINONE,4,20.0,11.0,84.0,1.0,2.0,,,3.0,1.0,,,,,,,
FROSINONE,OUT,89,BOBCEK,24.0,,5.0,,,G04_GENOA_FROSINONE,4,8.0,5.0,100.0,1.0,1.0,,,1.0,1.0,,,,,,,
SASSUOLO,GK,49,MURIĆ,96.0,2.0,6.0,2.0,13.0,G04_SASSUOLO_JUVENTUS,4,,,,,,,,,,,,,,,,
SASSUOLO,OUT,46,CINQUEGRANO,96.0,,10.0,,,G04_SASSUOLO_JUVENTUS,4,43.0,23.0,88.0,2.0,,,,,,,,,,,,
SASSUOLO,OUT,21,IDZES,82.0,,2.0,,,G04_SASSUOLO_JUVENTUS,4,49.0,35.0,87.0,4.0,,,2.0,1.0,,,,,,,,
SASSUOLO,OUT,16,LEYSEN,96.0,,1.0,,,G04_SASSUOLO_JUVENTUS,4,68.0,47.0,88.0,8.0,,1.0,,,,,,,,,,
SASSUOLO,OUT,3,DOIG,96.0,,12.0,,,G04_SASSUOLO_JUVENTUS,4,53.0,29.0,87.0,5.0,,,2.0,2.0,,,,,,,,
SASSUOLO,OUT,42,THORSTVEDT,72.0,,4.0,,,G04_SASSUOLO_JUVENTUS,4,30.0,25.0,89.0,4.0,,,3.0,,,,,,,,,
SASSUOLO,OUT,18,MATIĆ,96.0,,21.0,,,G04_SASSUOLO_JUVENTUS,4,84.0,62.0,87.0,5.0,1.0,,,,,,1.0,,,,,
SASSUOLO,OUT,35,LIPANI,56.0,,4.0,,,G04_SASSUOLO_JUVENTUS,4,24.0,18.0,94.0,2.0,,1.0,,,,,,,,,,
SASSUOLO,OUT,10,BERARDI,72.0,,12.0,,,G04_SASSUOLO_JUVENTUS,4,43.0,23.0,85.0,4.0,,,1.0,3.0,3.0,,,,1.0,,,
SASSUOLO,OUT,94,S. ESPOSITO,72.0,,16.0,,,G04_SASSUOLO_JUVENTUS,4,47.0,33.0,86.0,1.0,3.0,,3.0,2.0,1.0,1.0,,,1.0,,,
SASSUOLO,OUT,45,LAURIENTÉ,96.0,,13.0,,,G04_SASSUOLO_JUVENTUS,4,44.0,25.0,73.0,2.0,2.0,,,,,,1.0,,,,,
SASSUOLO,OUT,9,BOWIE,25.0,,4.0,,,G04_SASSUOLO_JUVENTUS,4,11.0,6.0,66.0,1.0,,,,1.0,1.0,1.0,,,,,,
SASSUOLO,OUT,15,ĆALETA-CAR,15.0,,,,,G04_SASSUOLO_JUVENTUS,4,4.0,3.0,100.0,,,,,,,,,,,,,
SASSUOLO,OUT,17,ADŽIĆ,25.0,,5.0,,,G04_SASSUOLO_JUVENTUS,4,13.0,8.0,72.0,,,,,1.0,1.0,1.0,,,,,,
SASSUOLO,OUT,25,DOMÍNGUEZ,25.0,,,,,G04_SASSUOLO_JUVENTUS,4,8.0,3.0,75.0,,,,,,,,,,,,,
SASSUOLO,OUT,50,BAKOLA,40.0,,7.0,,,G04_SASSUOLO_JUVENTUS,4,28.0,18.0,81.0,2.0,1.0,,1.0,,,,1.0,,,,,
JUVENTUS,GK,25,VICARIO,96.0,3.0,3.0,2.0,8.0,G04_SASSUOLO_JUVENTUS,4,,,,,,,,,,,,,,,,
JUVENTUS,OUT,15,KALULU,96.0,,35.0,,,G04_SASSUOLO_JUVENTUS,4,87.0,57.0,87.0,7.0,,,,,,,,,,,,
JUVENTUS,OUT,3,BREMER,96.0,,34.0,,,G04_SASSUOLO_JUVENTUS,4,99.0,73.0,91.0,6.0,1.0,,1.0,,,,,,,,,
JUVENTUS,OUT,26,LUCUMÍ,47.0,,23.0,,,G04_SASSUOLO_JUVENTUS,4,76.0,66.0,95.0,5.0,,1.0,,,,,,,,,,
JUVENTUS,OUT,2,ÇELIK,96.0,,23.0,,,G04_SASSUOLO_JUVENTUS,4,50.0,30.0,83.0,,2.0,,,1.0,,,,,,,,
JUVENTUS,OUT,12,DOUGLAS LUIZ,96.0,,41.0,,,G04_SASSUOLO_JUVENTUS,4,94.0,71.0,91.0,7.0,,1.0,,1.0,1.0,,,,,,,
JUVENTUS,OUT,8,KOOPMEINERS,72.0,,34.0,,,G04_SASSUOLO_JUVENTUS,4,66.0,56.0,94.0,1.0,,,,1.0,1.0,,,,,,,
JUVENTUS,OUT,7,CONCEIÇÃO,61.0,,22.0,,,G04_SASSUOLO_JUVENTUS,4,45.0,27.0,81.0,3.0,2.0,,1.0,1.0,1.0,,,,,,,
JUVENTUS,OUT,31,N. GONZÁLEZ,61.0,,11.0,,,G04_SASSUOLO_JUVENTUS,4,33.0,20.0,76.0,2.0,1.0,,2.0,3.0,,,,1.0,,,,
JUVENTUS,OUT,17,ALAJBEGOVIĆ,88.0,,31.0,,,G04_SASSUOLO_JUVENTUS,4,58.0,35.0,79.0,,1.0,,1.0,6.0,3.0,,,,,,,
JUVENTUS,OUT,9,KOLO MUANI,96.0,,10.0,,,G04_SASSUOLO_JUVENTUS,4,26.0,11.0,64.0,2.0,2.0,,1.0,1.0,,,1.0,,,,,
JUVENTUS,OUT,6,KELLY,50.0,,17.0,,,G04_SASSUOLO_JUVENTUS,4,46.0,33.0,89.0,7.0,,,,,,,,,,,,
JUVENTUS,OUT,11,ZHEGROVA,35.0,,10.0,,,G04_SASSUOLO_JUVENTUS,4,33.0,12.0,70.0,1.0,3.0,,1.0,3.0,2.0,2.0,,,1.0,,,
JUVENTUS,OUT,27,WOLTEMADE,35.0,,5.0,,,G04_SASSUOLO_JUVENTUS,4,10.0,6.0,85.0,,,,1.0,2.0,,,,,,,,
JUVENTUS,OUT,29,SARR,24.0,,13.0,,,G04_SASSUOLO_JUVENTUS,4,22.0,19.0,100.0,2.0,,,,,,,,,,,,
JUVENTUS,OUT,45,OBOAVWODOU,8.0,,1.0,,,G04_SASSUOLO_JUVENTUS,4,1.0,1.0,100.0,,,,,,,,,,,,,
LAZIO,GK,35,MANDAS,98.0,2.0,5.0,1.0,21.0,G04_LAZIO_MILAN,4,,,,,,,,,,,,,,,,
LAZIO,OUT,15,FLORIANI M.,87.0,,6.0,,,G04_LAZIO_MILAN,4,33.0,16.0,80.0,,,,,,,,,,,,,
LAZIO,OUT,37,ŠUTALO,87.0,,2.0,,,G04_LAZIO_MILAN,4,35.0,23.0,92.0,6.0,,,,,,,,,,,,
LAZIO,OUT,25,PROVSTGAARD,98.0,,10.0,,,G04_LAZIO_MILAN,4,54.0,46.0,100.0,5.0,1.0,,,,,,,,,,,
LAZIO,OUT,17,NUNO TAVARES,98.0,,10.0,,,G04_LAZIO_MILAN,4,65.0,34.0,73.0,2.0,1.0,,2.0,,,,,,,,,
LAZIO,OUT,16,FRATTESI,98.0,,8.0,,,G04_LAZIO_MILAN,4,38.0,23.0,92.0,3.0,1.0,,2.0,2.0,,,,,,,,
LAZIO,OUT,21,BELAHYANE,98.0,,5.0,,,G04_LAZIO_MILAN,4,38.0,25.0,92.0,2.0,,1.0,,,,,,,,,,
LAZIO,OUT,24,TAYLOR,77.0,,13.0,,,G04_LAZIO_MILAN,4,39.0,27.0,87.0,3.0,1.0,,2.0,,,,,,,,,
LAZIO,OUT,22,CANCELLIERI,61.0,,6.0,,,G04_LAZIO_MILAN,4,21.0,9.0,90.0,2.0,,,,1.0,1.0,1.0,,,1.0,,,
LAZIO,OUT,14,NOSLIN,61.0,,6.0,,,G04_LAZIO_MILAN,4,20.0,9.0,69.0,,,,2.0,2.0,2.0,1.0,,,1.0,,,
LAZIO,OUT,10,ZACCAGNI,98.0,,11.0,,,G04_LAZIO_MILAN,4,50.0,23.0,71.0,5.0,,1.0,3.0,3.0,3.0,,1.0,,2.0,,,
LAZIO,OUT,2,DIOGO LEITE,11.0,,,,,G04_LAZIO_MILAN,4,10.0,5.0,71.0,3.0,,,,,,,,,,,,
LAZIO,OUT,9,PINAMONTI,37.0,,1.0,,,G04_LAZIO_MILAN,4,5.0,3.0,75.0,1.0,,,,,,,,,,,,
LAZIO,OUT,11,ISAKSEN,37.0,,1.0,,,G04_LAZIO_MILAN,4,11.0,3.0,50.0,,,,1.0,,,,,,,,,
LAZIO,OUT,29,LAZZARI,11.0,,,,,G04_LAZIO_MILAN,4,5.0,3.0,100.0,,,,1.0,,,,,,,,,
LAZIO,OUT,80,GUÐMUNDSSON,21.0,,1.0,,,G04_LAZIO_MILAN,4,8.0,5.0,83.0,,,,,,,,,,,,,
MILAN,GK,16,MAIGNAN,98.0,2.0,4.0,1.0,10.0,G04_LAZIO_MILAN,4,,,,,,,,,,,,,,,,
MILAN,OUT,34,GILA,98.0,,14.0,,,G04_LAZIO_MILAN,4,95.0,68.0,89.0,4.0,1.0,1.0,2.0,1.0,1.0,,,,1.0,,,
MILAN,OUT,5,DE WINTER,98.0,,9.0,,,G04_LAZIO_MILAN,4,92.0,80.0,100.0,11.0,,,1.0,,,,,,,,,
MILAN,OUT,31,PAVLOVIĆ,98.0,,19.0,,,G04_LAZIO_MILAN,4,102.0,87.0,96.0,1.0,,1.0,1.0,2.0,1.0,,,,2.0,,,
MILAN,OUT,21,CHUKWUEZE,98.0,,30.0,,,G04_LAZIO_MILAN,4,94.0,61.0,91.0,4.0,2.0,,,3.0,1.0,,,,,,,
MILAN,OUT,14,MODRIĆ,49.0,,11.0,,,G04_LAZIO_MILAN,4,52.0,35.0,81.0,1.0,1.0,,,,,,,,,,,
MILAN,OUT,12,RABIOT,98.0,,29.0,,,G04_LAZIO_MILAN,4,73.0,59.0,92.0,2.0,2.0,,,,,,1.0,,,,,
MILAN,OUT,2,ESTUPIÑÁN,49.0,,4.0,,,G04_LAZIO_MILAN,4,38.0,26.0,86.0,3.0,,,,1.0,,,,,,,,
MILAN,OUT,8,LOFTUS-CHEEK,49.0,,5.0,,,G04_LAZIO_MILAN,4,20.0,13.0,86.0,,1.0,,1.0,1.0,,,,,,,,
MILAN,OUT,70,CISSE,80.0,,20.0,,,G04_LAZIO_MILAN,4,44.0,33.0,91.0,,1.0,,3.0,1.0,,,,,,,,
MILAN,OUT,9,GONÇALO RAMOS,88.0,,8.0,,,G04_LAZIO_MILAN,4,24.0,15.0,93.0,,,,2.0,1.0,,,,,,,,
MILAN,OUT,11,PULISIC,50.0,,17.0,,,G04_LAZIO_MILAN,4,29.0,19.0,100.0,,4.0,1.0,,1.0,1.0,,1.0,,,,,
MILAN,OUT,20,HUTCHINSON,18.0,,3.0,,,G04_LAZIO_MILAN,4,11.0,6.0,100.0,1.0,,,1.0,1.0,1.0,,,,,,,
MILAN,OUT,22,MOREIRA,50.0,,13.0,,,G04_LAZIO_MILAN,4,43.0,26.0,92.0,3.0,,,1.0,3.0,2.0,2.0,,,,,,
MILAN,OUT,73,CAMARDA,10.0,,1.0,,,G04_LAZIO_MILAN,4,3.0,1.0,50.0,,,,,,,,,,,,,
MILAN,OUT,80,MUSAH,50.0,,20.0,,,G04_LAZIO_MILAN,4,42.0,32.0,94.0,2.0,,,2.0,,,,,,,,,
LECCE,GK,30,FALCONE,97.0,2.0,7.0,1.0,36.0,G04_LECCE_MONZA,4,,,,,,,,,,,,,,,,
LECCE,OUT,17,DANILO VEIGA,97.0,,8.0,,,G04_LECCE_MONZA,4,60.0,22.0,68.0,7.0,1.0,1.0,3.0,,,,1.0,,,,,
LECCE,OUT,5,SIEBERT,97.0,,5.0,,,G04_LECCE_MONZA,4,50.0,21.0,84.0,5.0,,,,,,,,,,,,
LECCE,OUT,44,TIAGO GABRIEL,97.0,,,,,G04_LECCE_MONZA,4,43.0,27.0,87.0,4.0,,,2.0,1.0,1.0,1.0,,,,,,
LECCE,OUT,25,GALLO,97.0,,14.0,,,G04_LECCE_MONZA,4,65.0,24.0,58.0,4.0,,,,,,,,,,,,
LECCE,OUT,29,L. COULIBALY,97.0,,15.0,,,G04_LECCE_MONZA,4,48.0,27.0,90.0,4.0,,,3.0,3.0,2.0,2.0,,,3.0,,,
LECCE,OUT,20,ILIĆ,69.0,,15.0,,,G04_LECCE_MONZA,4,55.0,30.0,81.0,2.0,2.0,,,,,,2.0,,,,,
LECCE,OUT,14,MALEH,87.0,,14.0,,,G04_LECCE_MONZA,4,41.0,25.0,80.0,2.0,,,1.0,2.0,,,,,,,,
LECCE,OUT,11,N'DRI,48.0,,3.0,,,G04_LECCE_MONZA,4,24.0,5.0,55.0,3.0,,1.0,,,,,,,,,,
LECCE,OUT,9,ŠTULIĆ,77.0,,6.0,,,G04_LECCE_MONZA,4,25.0,7.0,58.0,1.0,,,1.0,,,,,,,,,
LECCE,OUT,99,MONTEIRO,77.0,,11.0,,,G04_LECCE_MONZA,4,35.0,15.0,78.0,1.0,,,,,,,,,,,,
LECCE,OUT,7,FATAH,21.0,,1.0,,,G04_LECCE_MONZA,4,9.0,4.0,80.0,1.0,,,,1.0,,,,,,,,
LECCE,OUT,22,PACO ESTEBAN,21.0,,,,,G04_LECCE_MONZA,4,6.0,2.0,100.0,,,,2.0,,,,,,,,,
LECCE,OUT,50,PIEROTTI,50.0,,5.0,,,G04_LECCE_MONZA,4,16.0,7.0,77.0,3.0,,,,,,,,,,,,
LECCE,OUT,77,KABA,10.0,,,,,G04_LECCE_MONZA,4,1.0,,,,,,,,,,,,,,,
LECCE,OUT,79,NGOM,29.0,,2.0,,,G04_LECCE_MONZA,4,17.0,7.0,63.0,4.0,,,,,,,,,,,,
MONZA,GK,20,THIAM,97.0,3.0,1.0,3.0,12.0,G04_LECCE_MONZA,4,,,,,,,,,,,,,,,,
MONZA,OUT,60,KOUADIO,97.0,,14.0,,,G04_LECCE_MONZA,4,81.0,44.0,83.0,9.0,,,,,,,,,,,,
MONZA,OUT,3,LUCCHESI,97.0,,7.0,,,G04_LECCE_MONZA,4,85.0,56.0,96.0,14.0,,,,,,,,,,,,
MONZA,OUT,44,A. CARBONI,97.0,,34.0,,,G04_LECCE_MONZA,4,109.0,71.0,85.0,9.0,,,1.0,1.0,1.0,,,,,,,
MONZA,OUT,19,BIRINDELLI,97.0,,24.0,,,G04_LECCE_MONZA,4,55.0,39.0,90.0,2.0,3.0,,2.0,1.0,1.0,,1.0,,,,,
MONZA,OUT,90,FOLORUNSHO,97.0,,39.0,,,G04_LECCE_MONZA,4,85.0,57.0,83.0,4.0,1.0,,2.0,,,,,,,,,
MONZA,OUT,14,AKINSANMIRO,86.0,,37.0,,,G04_LECCE_MONZA,4,70.0,52.0,86.0,4.0,2.0,,1.0,,,,,,,,,
MONZA,OUT,7,MANGAS,48.0,,15.0,,,G04_LECCE_MONZA,4,37.0,20.0,95.0,2.0,1.0,,2.0,1.0,1.0,1.0,,,1.0,,,
MONZA,OUT,28,COLPANI,66.0,,11.0,,,G04_LECCE_MONZA,4,27.0,14.0,82.0,1.0,,,,3.0,2.0,,,,,,,
MONZA,OUT,46,ROBINSON,66.0,,9.0,,,G04_LECCE_MONZA,4,29.0,11.0,73.0,,,,4.0,3.0,2.0,,,,,,,
MONZA,OUT,9,VARELA,77.0,,8.0,,,G04_LECCE_MONZA,4,21.0,9.0,81.0,,2.0,,,2.0,1.0,,,,,,,
MONZA,OUT,10,CUTRONE,31.0,,5.0,,,G04_LECCE_MONZA,4,15.0,6.0,60.0,1.0,,,,2.0,1.0,,,,,,,
MONZA,OUT,11,FORSON,20.0,,4.0,,,G04_LECCE_MONZA,4,8.0,4.0,100.0,1.0,1.0,,2.0,,,,,,,,,
MONZA,OUT,22,ZEBALLOS,31.0,,7.0,,,G04_LECCE_MONZA,4,22.0,8.0,72.0,,,,,2.0,1.0,1.0,,,,,,
MONZA,OUT,24,BAKOUNE,50.0,,13.0,,,G04_LECCE_MONZA,4,37.0,19.0,67.0,,,,,1.0,,,,,,,,
MONZA,OUT,80,MOUT,12.0,,7.0,,,G04_LECCE_MONZA,4,13.0,9.0,90.0,1.0,,,,1.0,,,,,,,,
ATALANTA,GK,29,CARNESECCHI,97.0,2.0,3.0,1.0,3.0,G04_ATALANTA_CAGLIARI,4,,,,,,,,,,,,,,,,
ATALANTA,OUT,16,BELLANOVA,97.0,,36.0,,,G04_ATALANTA_CAGLIARI,4,94.0,65.0,90.0,11.0,,,,1.0,,,,,,,,
ATALANTA,OUT,3,KOSSOUNOU,97.0,,33.0,,,G04_ATALANTA_CAGLIARI,4,105.0,96.0,97.0,8.0,,,,,,,,,,,,
ATALANTA,OUT,42,SCALVINI,97.0,,24.0,,,G04_ATALANTA_CAGLIARI,4,95.0,86.0,96.0,5.0,,,,,,,,,,,,
ATALANTA,OUT,23,KOLAŠINAC,70.0,,17.0,,,G04_ATALANTA_CAGLIARI,4,40.0,33.0,89.0,4.0,,,,1.0,,,,,,,,
ATALANTA,OUT,10,SAMARDŽIĆ,78.0,,54.0,,,G04_ATALANTA_CAGLIARI,4,88.0,64.0,86.0,6.0,1.0,,,4.0,,,,,,,,
ATALANTA,OUT,19,KESSIE,87.0,,40.0,,,G04_ATALANTA_CAGLIARI,4,85.0,67.0,97.0,11.0,2.0,,1.0,3.0,1.0,,,,1.0,,,
ATALANTA,OUT,13,ÉDERSON,97.0,,51.0,,,G04_ATALANTA_CAGLIARI,4,97.0,78.0,88.0,5.0,1.0,,3.0,1.0,,,,,,,,
ATALANTA,OUT,17,DE KETELAERE,97.0,,30.0,,,G04_ATALANTA_CAGLIARI,4,54.0,32.0,86.0,,2.0,,,,,,,,,,,
ATALANTA,OUT,9,SCAMACCA,70.0,,15.0,,,G04_ATALANTA_CAGLIARI,4,26.0,15.0,71.0,1.0,2.0,,,4.0,2.0,1.0,,,,,,
ATALANTA,OUT,11,ROWE,97.0,,27.0,,,G04_ATALANTA_CAGLIARI,4,59.0,33.0,94.0,2.0,2.0,,3.0,3.0,,,,,,,,
ATALANTA,OUT,8,PAŠALIĆ,11.0,,11.0,,,G04_ATALANTA_CAGLIARI,4,12.0,11.0,100.0,,,,,,,,,,,,,
ATALANTA,OUT,18,RASPADORI,20.0,,14.0,,,G04_ATALANTA_CAGLIARI,4,20.0,15.0,100.0,,2.0,,,3.0,,,,,,,,
ATALANTA,OUT,47,BERNASCONI,28.0,,19.0,,,G04_ATALANTA_CAGLIARI,4,38.0,28.0,100.0,5.0,1.0,,,1.0,,,,,,,,
ATALANTA,OUT,90,KRSTOVIĆ,28.0,,8.0,,,G04_ATALANTA_CAGLIARI,4,17.0,8.0,66.0,,1.0,,,1.0,1.0,,,,,,,
CAGLIARI,GK,1,CAPRILE,97.0,1.0,3.0,,17.0,G04_ATALANTA_CAGLIARI,4,,,,,,,,,,,,,,,,
CAGLIARI,OUT,2,ZÉ PEDRO,70.0,,5.0,,,G04_ATALANTA_CAGLIARI,4,47.0,32.0,91.0,4.0,,,,,,,,,,,,
CAGLIARI,OUT,14,DEIOLA,97.0,,,,,G04_ATALANTA_CAGLIARI,4,73.0,51.0,89.0,3.0,,,,,,,,,,,,
CAGLIARI,OUT,15,J. RODRÍGUEZ,97.0,,1.0,,,G04_ATALANTA_CAGLIARI,4,62.0,43.0,97.0,4.0,,,,,,,,,,,,
CAGLIARI,OUT,33,OBERT,97.0,,8.0,,,G04_ATALANTA_CAGLIARI,4,55.0,31.0,77.0,6.0,1.0,,,1.0,1.0,,,,,,,
CAGLIARI,OUT,4,A. ROMANO,97.0,,12.0,,,G04_ATALANTA_CAGLIARI,4,67.0,44.0,88.0,6.0,1.0,,,1.0,1.0,,,,,,,
CAGLIARI,OUT,6,WINKS,97.0,,7.0,,,G04_ATALANTA_CAGLIARI,4,76.0,57.0,91.0,9.0,,,2.0,,,,,,,,,
CAGLIARI,OUT,10,FAZZINI,59.0,,1.0,,,G04_ATALANTA_CAGLIARI,4,22.0,12.0,75.0,1.0,,,,,,,,,,,,
CAGLIARI,OUT,8,ADOPO,97.0,,10.0,,,G04_ATALANTA_CAGLIARI,4,37.0,23.0,85.0,1.0,2.0,,1.0,,,,1.0,,,,,
CAGLIARI,OUT,70,MALDINI,81.0,,12.0,,,G04_ATALANTA_CAGLIARI,4,52.0,27.0,84.0,5.0,,,1.0,2.0,2.0,1.0,,,1.0,,,
CAGLIARI,OUT,31,MENDY,81.0,,4.0,,,G04_ATALANTA_CAGLIARI,4,17.0,6.0,85.0,1.0,,,1.0,1.0,1.0,1.0,,,1.0,,,
CAGLIARI,OUT,9,KEVIN CARLOS,17.0,,,,,G04_ATALANTA_CAGLIARI,4,4.0,2.0,66.0,,,,,,,,,,,,,
CAGLIARI,OUT,22,KOFLER,17.0,,,,,G04_ATALANTA_CAGLIARI,4,9.0,3.0,100.0,1.0,,,,,,,,,,,,
CAGLIARI,OUT,28,SUGAWARA,28.0,,,,,G04_ATALANTA_CAGLIARI,4,11.0,2.0,66.0,2.0,,,,,,,,,,,,
CAGLIARI,OUT,39,FADERA,39.0,,5.0,,,G04_ATALANTA_CAGLIARI,4,14.0,8.0,100.0,1.0,1.0,,1.0,,,,,,,,,
TORINO,GK,20,PERRI,97.0,2.0,3.0,1.0,40.0,G04_TORINO_ROMA,4,,,,,,,,,,,,,,,,
TORINO,OUT,5,CÖMERT,97.0,,7.0,,,G04_TORINO_ROMA,4,79.0,58.0,90.0,5.0,,,,1.0,,,,,,,,
TORINO,OUT,23,COCO,97.0,,3.0,,,G04_TORINO_ROMA,4,97.0,71.0,91.0,6.0,,,1.0,,,,,,,,,
TORINO,OUT,15,COMUZZO,97.0,,11.0,,,G04_TORINO_ROMA,4,70.0,49.0,92.0,6.0,1.0,,1.0,,,,,,,,,
TORINO,OUT,45,BELGHALI,47.0,,7.0,,,G04_TORINO_ROMA,4,19.0,12.0,75.0,,,,,,,,,,,,,
TORINO,OUT,8,MANDRAGORA,85.0,,20.0,,,G04_TORINO_ROMA,4,68.0,47.0,81.0,4.0,,,3.0,2.0,2.0,,,,,,,
TORINO,OUT,28,FITZ-JIM,60.0,,17.0,,,G04_TORINO_ROMA,4,46.0,33.0,86.0,2.0,1.0,,1.0,,,,,,,,,
TORINO,OUT,66,GINEITIS,47.0,,8.0,,,G04_TORINO_ROMA,4,21.0,16.0,88.0,,,,2.0,,,,,,,,,
TORINO,OUT,29,FORTINI,74.0,,17.0,,,G04_TORINO_ROMA,4,57.0,34.0,85.0,4.0,,,1.0,,,,,,,,,
TORINO,OUT,18,SIMEONE,97.0,,6.0,,,G04_TORINO_ROMA,4,26.0,7.0,50.0,,,,3.0,3.0,1.0,,,,2.0,,,
TORINO,OUT,10,VLAŠIĆ,97.0,,13.0,,,G04_TORINO_ROMA,4,38.0,27.0,93.0,1.0,1.0,,1.0,1.0,,,,,,,,
TORINO,OUT,6,İLKHAN,38.0,,4.0,,,G04_TORINO_ROMA,4,24.0,16.0,84.0,1.0,1.0,,1.0,,,,,,,,,
TORINO,OUT,13,R. RODRÍGUEZ,24.0,,4.0,,,G04_TORINO_ROMA,4,18.0,14.0,93.0,1.0,,,,,,,,,,,,
TORINO,OUT,21,BRAGANÇA,51.0,,11.0,,,G04_TORINO_ROMA,4,35.0,20.0,83.0,1.0,1.0,,3.0,,,,,,,,,
TORINO,OUT,77,CACCIAMANI,51.0,,8.0,,,G04_TORINO_ROMA,4,30.0,15.0,83.0,2.0,,,3.0,,,,,,,,,
TORINO,OUT,91,ZAPATA,13.0,,,,,G04_TORINO_ROMA,4,4.0,1.0,50.0,1.0,,,,,,,,,,,,
ROMA,GK,99,SVILAR,97.0,,3.0,,16.0,G04_TORINO_ROMA,4,,,,,,,,,,,,,,,,
ROMA,OUT,23,MANCINI,97.0,,22.0,,,G04_TORINO_ROMA,4,79.0,38.0,79.0,8.0,1.0,,,1.0,1.0,,,,,,,
ROMA,OUT,26,BALERDI,97.0,,4.0,,,G04_TORINO_ROMA,4,62.0,33.0,89.0,12.0,,,1.0,1.0,,,,,,,,
ROMA,OUT,22,HERMOSO,97.0,,19.0,,,G04_TORINO_ROMA,4,73.0,43.0,84.0,4.0,1.0,1.0,1.0,,,,,,,,,
ROMA,OUT,77,LULLI,89.0,,30.0,,,G04_TORINO_ROMA,4,69.0,42.0,84.0,4.0,,,,,,,,,,,,
ROMA,OUT,4,CRISTANTE,65.0,,23.0,,,G04_TORINO_ROMA,4,59.0,34.0,82.0,3.0,,,,2.0,,,,,,,,
ROMA,OUT,61,PISILLI,97.0,,16.0,,,G04_TORINO_ROMA,4,52.0,29.0,78.0,2.0,2.0,1.0,,1.0,1.0,1.0,,,,,,
ROMA,OUT,20,MOLINA,97.0,,31.0,,,G04_TORINO_ROMA,4,79.0,53.0,88.0,5.0,,,,2.0,1.0,,,,,,,
ROMA,OUT,18,SOULÉ,58.0,,17.0,,,G04_TORINO_ROMA,4,45.0,22.0,73.0,1.0,1.0,,1.0,1.0,,,,,,,,
ROMA,OUT,21,DYBALA,65.0,,20.0,,,G04_TORINO_ROMA,4,43.0,24.0,85.0,1.0,3.0,,1.0,1.0,,,,,,,,
ROMA,OUT,14,MALEN,58.0,,5.0,,,G04_TORINO_ROMA,4,12.0,6.0,85.0,,1.0,,1.0,4.0,2.0,1.0,,,3.0,,,
ROMA,OUT,2,RENSCH,9.0,,,,,G04_TORINO_ROMA,4,4.0,3.0,100.0,2.0,,,,,,,,,,,,
ROMA,OUT,9,CASTRO,39.0,,5.0,,,G04_TORINO_ROMA,4,15.0,11.0,91.0,,,,,1.0,,,,,,,,
ROMA,OUT,15,DE ROON,32.0,,12.0,,,G04_TORINO_ROMA,4,30.0,18.0,78.0,3.0,,,,,,,,,,,,
ROMA,OUT,17,M. KONÉ,32.0,,3.0,,,G04_TORINO_ROMA,4,16.0,11.0,91.0,1.0,,,1.0,,,,,,,,,
ROMA,OUT,86,RODRIGO MORA,39.0,,9.0,,,G04_TORINO_ROMA,4,19.0,10.0,71.0,,1.0,,,,,,,,,,,
VENEZIA,GK,1,F. STANKOVIĆ,97.0,4.0,5.0,,12.0,G04_VENEZIA_FIORENTINA,4,,,,,,,,,,,,,,,,
VENEZIA,OUT,3,SCHINGTIENNE,97.0,,26.0,,,G04_VENEZIA_FIORENTINA,4,85.0,74.0,98.0,5.0,,1.0,,,,,,,,,,
VENEZIA,OUT,2,MORENO,71.0,,15.0,,,G04_VENEZIA_FIORENTINA,4,66.0,41.0,83.0,3.0,,,,,,,,,,,,
VENEZIA,OUT,5,HAPS,97.0,,37.0,,,G04_VENEZIA_FIORENTINA,4,93.0,66.0,84.0,6.0,1.0,,1.0,,,,1.0,,,,,
VENEZIA,OUT,18,HAINAUT,97.0,,33.0,,,G04_VENEZIA_FIORENTINA,4,81.0,51.0,83.0,3.0,2.0,,1.0,1.0,1.0,1.0,,,1.0,,,
VENEZIA,OUT,71,KIKE PÉREZ,97.0,,41.0,,,G04_VENEZIA_FIORENTINA,4,86.0,58.0,87.0,2.0,1.0,,1.0,1.0,,,,,,,,
VENEZIA,OUT,6,BUSIO,44.0,,7.0,,,G04_VENEZIA_FIORENTINA,4,30.0,20.0,86.0,2.0,1.0,,,,,,1.0,,,,,
VENEZIA,OUT,19,SOHM,82.0,,19.0,,,G04_VENEZIA_FIORENTINA,4,61.0,50.0,92.0,5.0,,1.0,,,,,,,,,,
VENEZIA,OUT,20,SAGRADO,71.0,,9.0,,,G04_VENEZIA_FIORENTINA,4,28.0,17.0,85.0,3.0,,,,1.0,,,,,,,,
VENEZIA,OUT,10,YEBOAH,82.0,,13.0,,,G04_VENEZIA_FIORENTINA,4,30.0,18.0,81.0,1.0,2.0,,1.0,2.0,,,,,,,,
VENEZIA,OUT,45,A. ADAMS,97.0,,9.0,,,G04_VENEZIA_FIORENTINA,4,18.0,9.0,81.0,1.0,,,1.0,3.0,1.0,1.0,,,,,,
VENEZIA,OUT,14,CORREIA,26.0,,11.0,,,G04_VENEZIA_FIORENTINA,4,28.0,14.0,73.0,1.0,1.0,,,,,,,,,,,
VENEZIA,OUT,15,JUAN JESUS,26.0,,4.0,,,G04_VENEZIA_FIORENTINA,4,30.0,23.0,100.0,2.0,,,,,,,,,,,,
VENEZIA,OUT,21,HELGASON,53.0,,16.0,,,G04_VENEZIA_FIORENTINA,4,33.0,26.0,96.0,1.0,1.0,,,1.0,1.0,,,,,,,
VENEZIA,OUT,29,LAUBERBACH,15.0,,2.0,,,G04_VENEZIA_FIORENTINA,4,3.0,2.0,100.0,,,,,,,,,,,,,
VENEZIA,OUT,77,FERNÁNDEZ,15.0,,7.0,,,G04_VENEZIA_FIORENTINA,4,11.0,8.0,100.0,1.0,,,,,,,,,,,,
FIORENTINA,GK,43,DE GEA,97.0,2.0,1.0,,20.0,G04_VENEZIA_FIORENTINA,4,,,,,,,,,,,,,,,,
FIORENTINA,OUT,20,JIMÉNEZ,97.0,,26.0,,,G04_VENEZIA_FIORENTINA,4,61.0,38.0,84.0,5.0,1.0,,,1.0,,,1.0,,1.0,,,
FIORENTINA,OUT,3,DRĂGUȘIN,97.0,,,,,G04_VENEZIA_FIORENTINA,4,39.0,14.0,82.0,4.0,,,,,,,,,,,,
FIORENTINA,OUT,6,RANIERI,91.0,,4.0,,,G04_VENEZIA_FIORENTINA,4,37.0,26.0,89.0,4.0,1.0,,,1.0,,,,,,,,
FIORENTINA,OUT,33,VIERY,97.0,,14.0,,,G04_VENEZIA_FIORENTINA,4,49.0,29.0,82.0,6.0,,,,,,,,,,,,
FIORENTINA,OUT,27,NDOUR,97.0,,19.0,,,G04_VENEZIA_FIORENTINA,4,52.0,33.0,84.0,1.0,1.0,,,1.0,,,,,,,,
FIORENTINA,OUT,44,FAGIOLI,97.0,,33.0,,,G04_VENEZIA_FIORENTINA,4,76.0,52.0,86.0,7.0,1.0,,3.0,1.0,1.0,,1.0,,,,,
FIORENTINA,OUT,14,ATTA,62.0,,21.0,,,G04_VENEZIA_FIORENTINA,4,36.0,24.0,85.0,1.0,2.0,,,,,,,,,,,
FIORENTINA,OUT,30,MASTANTUONO,91.0,,18.0,,,G04_VENEZIA_FIORENTINA,4,55.0,22.0,81.0,2.0,4.0,,2.0,8.0,5.0,3.0,,,2.0,,,
FIORENTINA,OUT,23,BETO,62.0,,3.0,,,G04_VENEZIA_FIORENTINA,4,15.0,4.0,57.0,1.0,,,,3.0,,,,,,,,
FIORENTINA,OUT,25,NJIE,82.0,,13.0,,,G04_VENEZIA_FIORENTINA,4,36.0,15.0,83.0,,2.0,1.0,4.0,3.0,2.0,,,,2.0,,,
FIORENTINA,OUT,4,BRESCIANINI,6.0,,1.0,,,G04_VENEZIA_FIORENTINA,4,1.0,1.0,100.0,,,,,,,,,,,,,
FIORENTINA,OUT,5,PONGRAČIĆ,6.0,,,,,G04_VENEZIA_FIORENTINA,4,1.0,,,,,,,,,,,,,,,
FIORENTINA,OUT,28,PEDRO GONÇALVES,15.0,,1.0,,,G04_VENEZIA_FIORENTINA,4,7.0,4.0,66.0,2.0,,,,,,,,,,,,
FIORENTINA,OUT,29,GNONTO,35.0,,6.0,,,G04_VENEZIA_FIORENTINA,4,13.0,9.0,81.0,1.0,,,,,,,,,,,,
FIORENTINA,OUT,32,PELLEGRINO,35.0,,3.0,,,G04_VENEZIA_FIORENTINA,4,15.0,3.0,37.0,,1.0,,1.0,1.0,1.0,1.0,,,1.0,,,
NAPOLI,GK,32,MILINKOVIĆ-SAVIĆ,99.0,,3.0,,20.0,G04_NAPOLI_BOLOGNA,4,,,,,,,,,,,,,,,,
NAPOLI,OUT,22,DI LORENZO,99.0,,28.0,,,G04_NAPOLI_BOLOGNA,4,63.0,49.0,92.0,4.0,,,,,,,,,,,,
NAPOLI,OUT,13,AM. RRAHMANI,99.0,,20.0,,,G04_NAPOLI_BOLOGNA,4,91.0,65.0,97.0,10.0,,,2.0,1.0,,,,,,,,
NAPOLI,OUT,16,RAFA MARÍN,99.0,,27.0,,,G04_NAPOLI_BOLOGNA,4,85.0,64.0,95.0,4.0,,,,1.0,,,,,,,,
NAPOLI,OUT,37,SPINAZZOLA,99.0,,45.0,,,G04_NAPOLI_BOLOGNA,4,89.0,64.0,95.0,7.0,3.0,,,1.0,,,,,,,,
NAPOLI,OUT,6,GILMOUR,99.0,,37.0,,,G04_NAPOLI_BOLOGNA,4,63.0,55.0,94.0,1.0,,,2.0,1.0,,,,,,,,
NAPOLI,OUT,68,LOBOTKA,99.0,,42.0,,,G04_NAPOLI_BOLOGNA,4,78.0,56.0,90.0,7.0,2.0,,4.0,1.0,1.0,1.0,,,1.0,,,
NAPOLI,OUT,11,DE BRUYNE,91.0,,40.0,,,G04_NAPOLI_BOLOGNA,4,81.0,53.0,88.0,1.0,2.0,,,3.0,,,,,,,,
NAPOLI,OUT,21,POLITANO,49.0,,13.0,,,G04_NAPOLI_BOLOGNA,4,20.0,17.0,94.0,1.0,,,1.0,,,,,,,,,
NAPOLI,OUT,19,HØJLUND,78.0,,8.0,,,G04_NAPOLI_BOLOGNA,4,16.0,8.0,88.0,,,,,2.0,1.0,,,,1.0,,,
NAPOLI,OUT,26,VERGARA,49.0,,3.0,,,G04_NAPOLI_BOLOGNA,4,20.0,4.0,80.0,2.0,,,,1.0,,,,,,,,
NAPOLI,OUT,2,FAVASULI,51.0,,10.0,,,G04_NAPOLI_BOLOGNA,4,29.0,13.0,92.0,3.0,2.0,,,1.0,1.0,,1.0,,,,,
NAPOLI,OUT,17,OLIVERA,8.0,,,,,G04_NAPOLI_BOLOGNA,4,5.0,1.0,100.0,,,,,,,,,,,,,
NAPOLI,OUT,20,LUCCA,21.0,,6.0,,,G04_NAPOLI_BOLOGNA,4,16.0,11.0,100.0,2.0,1.0,,,,,,,,,,,
NAPOLI,OUT,70,LANG,51.0,,27.0,,,G04_NAPOLI_BOLOGNA,4,39.0,28.0,96.0,1.0,1.0,,,1.0,,,,,,,,
BOLOGNA,GK,25,PESSINA,99.0,1.0,2.0,2.0,16.0,G04_NAPOLI_BOLOGNA,4,,,,,,,,,,,,,,,,
BOLOGNA,OUT,2,HOLM,99.0,,15.0,,,G04_NAPOLI_BOLOGNA,4,62.0,32.0,78.0,9.0,,,2.0,,,,,,,,,
BOLOGNA,OUT,14,HEGGEM,99.0,,8.0,,,G04_NAPOLI_BOLOGNA,4,56.0,36.0,94.0,3.0,,,,,,,,,,,,
BOLOGNA,OUT,3,THEATE,99.0,,5.0,,,G04_NAPOLI_BOLOGNA,4,68.0,51.0,94.0,4.0,,,1.0,,,,,,,,,
BOLOGNA,OUT,33,MIRANDA,99.0,,19.0,,,G04_NAPOLI_BOLOGNA,4,75.0,49.0,81.0,6.0,1.0,,1.0,,,,,,,,,
BOLOGNA,OUT,4,POBEGA,61.0,,5.0,,,G04_NAPOLI_BOLOGNA,4,28.0,21.0,95.0,3.0,,,1.0,2.0,1.0,,,,,,,
BOLOGNA,OUT,19,L. FERGUSON,99.0,,26.0,,,G04_NAPOLI_BOLOGNA,4,83.0,60.0,93.0,6.0,,,1.0,,,,,,,,,
BOLOGNA,OUT,8,AMONDARAIN,69.0,,5.0,,,G04_NAPOLI_BOLOGNA,4,25.0,12.0,80.0,3.0,1.0,1.0,1.0,,,,,,,,,
BOLOGNA,OUT,10,BERNARDESCHI,85.0,,12.0,,,G04_NAPOLI_BOLOGNA,4,42.0,21.0,84.0,4.0,,,1.0,1.0,1.0,,,,,,,
BOLOGNA,OUT,91,PICCOLI,61.0,,2.0,,,G04_NAPOLI_BOLOGNA,4,16.0,5.0,55.0,2.0,,,2.0,,,,,,,,,
BOLOGNA,OUT,28,CAMBIAGHI,85.0,,13.0,,,G04_NAPOLI_BOLOGNA,4,34.0,25.0,96.0,2.0,1.0,,2.0,,,,,,,,,
BOLOGNA,OUT,6,N. MORO,30.0,,11.0,,,G04_NAPOLI_BOLOGNA,4,24.0,19.0,90.0,2.0,,,2.0,,,,,,,,,
BOLOGNA,OUT,11,MBANGULA,14.0,,7.0,,,G04_NAPOLI_BOLOGNA,4,10.0,7.0,100.0,,,,,1.0,1.0,,,,,,,
BOLOGNA,OUT,18,LIBRA,38.0,,5.0,,,G04_NAPOLI_BOLOGNA,4,13.0,7.0,100.0,,,,,,,,,,,,,
BOLOGNA,OUT,21,ODGAARD,38.0,,4.0,,,G04_NAPOLI_BOLOGNA,4,10.0,6.0,100.0,1.0,,,,,,,,,,,,
BOLOGNA,OUT,22,ENEM,14.0,,2.0,,,G04_NAPOLI_BOLOGNA,4,4.0,2.0,100.0,,1.0,,,1.0,,,,,,,,
JUVENTUS,GK,25,VICARIO,95.0,,1.0,,32.0,G05_JUVENTUS_ATALANTA,5,,,,,,,,,,,,,,,,
JUVENTUS,OUT,15,KALULU,95.0,,25.0,,,G05_JUVENTUS_ATALANTA,5,,49.0,89.0,1.0,1.0,,,,,,,,,,,
JUVENTUS,OUT,3,BREMER,95.0,,9.0,,,G05_JUVENTUS_ATALANTA,5,,68.0,91.0,5.0,,,,1.0,1.0,1.0,,,,,,
JUVENTUS,OUT,26,LUCUMÍ,95.0,,6.0,,,G05_JUVENTUS_ATALANTA,5,,67.0,93.0,4.0,,,,,,,,,,,,
JUVENTUS,OUT,2,ÇELIK,95.0,,27.0,,,G05_JUVENTUS_ATALANTA,5,,50.0,87.0,,2.0,,,1.0,,,1.0,,,,,
JUVENTUS,OUT,22,MCKENNIE,87.0,,16.0,,,G05_JUVENTUS_ATALANTA,5,,27.0,77.0,6.0,1.0,,,1.0,1.0,,,,,,,
JUVENTUS,OUT,12,DOUGLAS LUIZ,95.0,,28.0,,,G05_JUVENTUS_ATALANTA,5,,67.0,93.0,4.0,1.0,,1.0,,,,,,,,,
JUVENTUS,OUT,7,CONCEIÇÃO,73.0,,15.0,,,G05_JUVENTUS_ATALANTA,5,,24.0,85.0,,,1.0,1.0,2.0,1.0,1.0,,,,,,
JUVENTUS,OUT,31,N. GONZÁLEZ,74.0,,13.0,,,G05_JUVENTUS_ATALANTA,5,,26.0,81.0,1.0,2.0,,2.0,1.0,,,,,1.0,,,
JUVENTUS,OUT,17,ALAJBEGOVIĆ,47.0,,7.0,,,G05_JUVENTUS_ATALANTA,5,,10.0,100.0,,,,1.0,2.0,,,,,,,,
JUVENTUS,OUT,9,KOLO MUANI,90.0,,11.0,,,G05_JUVENTUS_ATALANTA,5,,17.0,77.0,4.0,,,2.0,2.0,1.0,,,,1.0,,,
JUVENTUS,OUT,6,KELLY,5.0,,,,,G05_JUVENTUS_ATALANTA,5,,2.0,100.0,,,,,,,,,,,,,
JUVENTUS,OUT,8,KOOPMEINERS,22.0,,5.0,,,G05_JUVENTUS_ATALANTA,5,,11.0,84.0,,,,1.0,1.0,1.0,,,,,,,
JUVENTUS,OUT,11,ZHEGROVA,23.0,,4.0,,,G05_JUVENTUS_ATALANTA,5,,6.0,75.0,1.0,3.0,,,1.0,,,1.0,,,,,
JUVENTUS,OUT,27,WOLTEMADE,8.0,,2.0,,,G05_JUVENTUS_ATALANTA,5,,2.0,66.0,1.0,1.0,,1.0,,,,,,,,,
JUVENTUS,OUT,29,SARR,49.0,,8.0,,,G05_JUVENTUS_ATALANTA,5,,24.0,92.0,3.0,,,1.0,2.0,1.0,,,,,,,
ATALANTA,GK,29,CARNESECCHI,95.0,2.0,4.0,,25.0,G05_JUVENTUS_ATALANTA,5,,,,,,,,,,,,,,,,
ATALANTA,OUT,16,BELLANOVA,95.0,,30.0,,,G05_JUVENTUS_ATALANTA,5,,47.0,92.0,3.0,1.0,,,,,,,,,,,
ATALANTA,OUT,42,SCALVINI,95.0,,20.0,,,G05_JUVENTUS_ATALANTA,5,,72.0,96.0,4.0,,,,,,,,,,,,
ATALANTA,OUT,31,KRISTENSEN,95.0,,23.0,,,G05_JUVENTUS_ATALANTA,5,,69.0,98.0,3.0,,1.0,,2.0,1.0,,,,,,,
ATALANTA,OUT,47,BERNASCONI,95.0,,21.0,,,G05_JUVENTUS_ATALANTA,5,,36.0,97.0,4.0,1.0,,,,,,,,,,,
ATALANTA,OUT,10,SAMARDŽIĆ,65.0,,19.0,,,G05_JUVENTUS_ATALANTA,5,,24.0,88.0,,3.0,,,3.0,,,,,,,,
ATALANTA,OUT,19,KESSIÉ,74.0,,18.0,,,G05_JUVENTUS_ATALANTA,5,,28.0,77.0,6.0,,1.0,,,,,,,,,,
ATALANTA,OUT,13,ÉDERSON,95.0,,25.0,,,G05_JUVENTUS_ATALANTA,5,,42.0,97.0,3.0,,,1.0,1.0,,,,,,,,
ATALANTA,OUT,17,DE KETELAERE,95.0,,26.0,,,G05_JUVENTUS_ATALANTA,5,,29.0,82.0,3.0,3.0,,1.0,1.0,,,,,,,,
ATALANTA,OUT,90,KRSTOVIĆ,73.0,,4.0,,,G05_JUVENTUS_ATALANTA,5,,5.0,71.0,1.0,,,2.0,1.0,,,,,,,,
ATALANTA,OUT,11,ROWE,85.0,,5.0,,,G05_JUVENTUS_ATALANTA,5,,7.0,58.0,3.0,,,5.0,3.0,1.0,,,,,,,
ATALANTA,OUT,9,SCAMACCA,22.0,,6.0,,,G05_JUVENTUS_ATALANTA,5,,6.0,85.0,,,,,,,,,,,,,
ATALANTA,OUT,18,RASPADORI,31.0,,14.0,,,G05_JUVENTUS_ATALANTA,5,,16.0,100.0,,1.0,,,,,,,,,,,
ATALANTA,OUT,70,GAETANO,22.0,,11.0,,,G05_JUVENTUS_ATALANTA,5,,17.0,100.0,1.0,,,,,,,,,,,,
ATALANTA,OUT,99,ELMAS,10.0,,6.0,,,G05_JUVENTUS_ATALANTA,5,,7.0,100.0,1.0,1.0,,,,,,,,,,,
ROMA,GK,99,SVILAR,97.0,2.0,3.0,,40.0,G05_ROMA_INTER,5,,,,,,,,,,,,,,,,
ROMA,OUT,23,MANCINI,63.0,,8.0,,,G05_ROMA_INTER,5,,21.0,91.0,5.0,,,,1.0,,,,,,,,
ROMA,OUT,26,BALERDI,69.0,,2.0,,,G05_ROMA_INTER,5,,21.0,77.0,5.0,,,1.0,,,,,,,,,
ROMA,OUT,22,HERMOSO,84.0,,9.0,,,G05_ROMA_INTER,5,,33.0,89.0,3.0,,,1.0,,,,,,,,,
ROMA,OUT,20,MOLINA,64.0,,31.0,,,G05_ROMA_INTER,5,,37.0,90.0,3.0,3.0,,,1.0,,,1.0,,,,,
ROMA,OUT,4,CRISTANTE,97.0,,27.0,,,G05_ROMA_INTER,5,,52.0,86.0,11.0,,,,2.0,,,,,,,,
ROMA,OUT,17,M. KONÉ,63.0,,17.0,,,G05_ROMA_INTER,5,,35.0,87.0,4.0,,,1.0,2.0,2.0,2.0,,,,,,
ROMA,OUT,43,WESLEY,97.0,,26.0,,,G05_ROMA_INTER,5,,37.0,84.0,3.0,,,1.0,2.0,,,,,,,,
ROMA,OUT,21,DYBALA,97.0,,33.0,,,G05_ROMA_INTER,5,,39.0,88.0,1.0,5.0,,,4.0,,,,,,,,
ROMA,OUT,18,SOULÉ,97.0,,34.0,,,G05_ROMA_INTER,5,,40.0,85.0,2.0,1.0,,1.0,2.0,1.0,,,,,,,
ROMA,OUT,14,MALEN,97.0,,16.0,,,G05_ROMA_INTER,5,,20.0,86.0,3.0,3.0,,1.0,3.0,1.0,,,,1.0,,,
ROMA,OUT,2,RENSCH,34.0,,8.0,,,G05_ROMA_INTER,5,,11.0,91.0,2.0,,,,,,,,,,,,
ROMA,OUT,3,KOULIERAKIS,13.0,,,,,G05_ROMA_INTER,5,,5.0,100.0,,,1.0,,,,,,,,,,
ROMA,OUT,5,NDICKA,34.0,,3.0,,,G05_ROMA_INTER,5,,14.0,93.0,4.0,,1.0,,,,,,,,,,
ROMA,OUT,61,PISILLI,34.0,,6.0,,,G05_ROMA_INTER,5,,14.0,87.0,3.0,,,,1.0,,,,,,,,
ROMA,OUT,87,GHILARDI,28.0,,1.0,,,G05_ROMA_INTER,5,,6.0,66.0,1.0,,1.0,,,,,,,,,,
INTER,GK,1,J. MARTÍNEZ,97.0,2.0,2.0,,25.0,G05_ROMA_INTER,5,,,,,,,,,,,,,,,,
INTER,OUT,31,BISSECK,97.0,,12.0,,,G05_ROMA_INTER,5,,40.0,83.0,8.0,1.0,,,2.0,1.0,,,,,,,
INTER,OUT,25,AKANJI,97.0,,9.0,,,G05_ROMA_INTER,5,,49.0,92.0,5.0,,1.0,1.0,1.0,,,,,,,,
INTER,OUT,95,BASTONI,67.0,,13.0,,,G05_ROMA_INTER,5,,43.0,97.0,2.0,,1.0,,1.0,,,,1.0,1.0,,,
INTER,OUT,17,DIOUF,97.0,,18.0,,,G05_ROMA_INTER,5,,28.0,90.0,6.0,,,2.0,1.0,1.0,,,,,,,
INTER,OUT,23,BARELLA,97.0,,26.0,,,G05_ROMA_INTER,5,,36.0,81.0,2.0,3.0,1.0,1.0,,,,,,,,,
INTER,OUT,7,ZIELIŃSKI,97.0,,15.0,,,G05_ROMA_INTER,5,,44.0,95.0,3.0,,,1.0,1.0,,,,,,,,
INTER,OUT,21,JONES,57.0,,13.0,,,G05_ROMA_INTER,5,,20.0,95.0,1.0,2.0,,2.0,,,,,,,,,
INTER,OUT,32,DIMARCO,57.0,,13.0,,,G05_ROMA_INTER,5,,22.0,78.0,4.0,1.0,,,,,,,,,,,
INTER,OUT,9,M. THURAM,93.0,,15.0,,,G05_ROMA_INTER,5,,21.0,87.0,1.0,2.0,,4.0,3.0,1.0,,1.0,,,,,
INTER,OUT,10,L. MARTÍNEZ,93.0,,14.0,,,G05_ROMA_INTER,5,,25.0,83.0,1.0,1.0,,,6.0,2.0,2.0,,1.0,1.0,,,
INTER,OUT,8,SUČIĆ,40.0,,13.0,,,G05_ROMA_INTER,5,,28.0,90.0,2.0,2.0,,1.0,,,,,,,,,
INTER,OUT,11,LUIS HENRIQUE,31.0,,9.0,,,G05_ROMA_INTER,5,,17.0,80.0,1.0,,,,1.0,,,,,,,,
INTER,OUT,14,BONNY,4.0,,,,,G05_ROMA_INTER,5,,,,1.0,,,,,,,,,,,,
INTER,OUT,30,CARLOS AUGUSTO,40.0,,7.0,,,G05_ROMA_INTER,5,,22.0,88.0,2.0,2.0,,,,,,,,,,,
INTER,OUT,94,P. ESPOSITO,4.0,,,,,G05_ROMA_INTER,5,,,,,,,1.0,,,,,,,,,
FIORENTINA,GK,43,DE GEA,97.0,1.0,4.0,,17.0,G05_FIORENTINA_NAPOLI,5,,,,,,1.0,,,,,,,,,,
FIORENTINA,OUT,20,JIMÉNEZ,97.0,,30.0,,,G05_FIORENTINA_NAPOLI,5,,47.0,85.0,4.0,2.0,,1.0,1.0,1.0,1.0,,,,,,
FIORENTINA,OUT,3,DRĂGUȘIN,97.0,,17.0,,,G05_FIORENTINA_NAPOLI,5,,36.0,92.0,6.0,,,2.0,1.0,,,,,,,,
FIORENTINA,OUT,6,RANIERI,87.0,,7.0,,,G05_FIORENTINA_NAPOLI,5,,28.0,90.0,5.0,,1.0,1.0,,,,,,,,,
FIORENTINA,OUT,33,VIERY,47.0,,13.0,,,G05_FIORENTINA_NAPOLI,5,,20.0,80.0,2.0,,,,,,,,,,,,
FIORENTINA,OUT,27,NDOUR,97.0,,25.0,,,G05_FIORENTINA_NAPOLI,5,,39.0,95.0,4.0,2.0,,1.0,,,,1.0,,,,,
FIORENTINA,OUT,44,FAGIOLI,97.0,,37.0,,,G05_FIORENTINA_NAPOLI,5,,57.0,83.0,4.0,,,1.0,3.0,1.0,,,1.0,,,,
FIORENTINA,OUT,14,ATTA,68.0,,21.0,,,G05_FIORENTINA_NAPOLI,5,,26.0,100.0,1.0,1.0,,,1.0,,,,1.0,,,,
FIORENTINA,OUT,30,MASTANTUONO,97.0,,25.0,,,G05_FIORENTINA_NAPOLI,5,,31.0,79.0,3.0,4.0,1.0,1.0,4.0,1.0,,,,,,,
FIORENTINA,OUT,32,PELLEGRINO,68.0,,4.0,,,G05_FIORENTINA_NAPOLI,5,,5.0,100.0,,1.0,,,,,,,,,,,
FIORENTINA,OUT,25,NJIE,81.0,,15.0,,,G05_FIORENTINA_NAPOLI,5,,18.0,81.0,4.0,2.0,,2.0,2.0,,,,,,,,
FIORENTINA,OUT,5,PONGRAČIĆ,11.0,,,,,G05_FIORENTINA_NAPOLI,5,,1.0,50.0,,,,,,,,,,,,,
FIORENTINA,OUT,21,VALDEPEÑAS,51.0,,12.0,,,G05_FIORENTINA_NAPOLI,5,,20.0,80.0,4.0,1.0,,,1.0,1.0,,,,,,,
FIORENTINA,OUT,23,BETO,30.0,,1.0,,,G05_FIORENTINA_NAPOLI,5,,2.0,66.0,,,,,1.0,,,,,,,,
FIORENTINA,OUT,28,PEDRO GONÇALVES,30.0,,5.0,,,G05_FIORENTINA_NAPOLI,5,,5.0,62.0,3.0,1.0,,,2.0,,,,,,,,
FIORENTINA,OUT,29,GNONTO,16.0,,3.0,,,G05_FIORENTINA_NAPOLI,5,,5.0,100.0,2.0,,,,,,,,,,,,
NAPOLI,GK,32,MILINKOVIĆ-SAVIĆ,97.0,1.0,3.0,,41.0,G05_FIORENTINA_NAPOLI,5,,,,,,,,,,,,,,,,
NAPOLI,OUT,22,DI LORENZO,97.0,,27.0,,,G05_FIORENTINA_NAPOLI,5,,47.0,90.0,8.0,1.0,,2.0,,,,,,,,,
NAPOLI,OUT,13,AM. RRAHMANI,97.0,,24.0,,,G05_FIORENTINA_NAPOLI,5,,74.0,98.0,2.0,,,1.0,,,,,,,,,
NAPOLI,OUT,16,RAFA MARÍN,97.0,,11.0,,,G05_FIORENTINA_NAPOLI,5,,57.0,90.0,2.0,,,1.0,1.0,,,,,,,,
NAPOLI,OUT,17,OLIVERA,97.0,,29.0,,,G05_FIORENTINA_NAPOLI,5,,52.0,98.0,3.0,2.0,,1.0,4.0,1.0,,,1.0,,,,
NAPOLI,OUT,11,DE BRUYNE,97.0,,20.0,,,G05_FIORENTINA_NAPOLI,5,,33.0,89.0,2.0,1.0,,,,,,,,,,,
NAPOLI,OUT,68,LOBOTKA,91.0,,30.0,,,G05_FIORENTINA_NAPOLI,5,,50.0,92.0,6.0,,,3.0,,,,,,,,,
NAPOLI,OUT,6,GILMOUR,97.0,,42.0,,,G05_FIORENTINA_NAPOLI,5,,72.0,94.0,4.0,,,,1.0,1.0,1.0,,,,,,
NAPOLI,OUT,21,POLITANO,74.0,,18.0,,,G05_FIORENTINA_NAPOLI,5,,29.0,87.0,7.0,2.0,,2.0,,,,1.0,,,,,
NAPOLI,OUT,19,HØJLUND,60.0,,1.0,,,G05_FIORENTINA_NAPOLI,5,,2.0,50.0,1.0,,,,,,,,,,,,
NAPOLI,OUT,70,LANG,60.0,,12.0,,,G05_FIORENTINA_NAPOLI,5,,17.0,94.0,5.0,,,,2.0,,,,,,,,
NAPOLI,OUT,2,FAVASULI,24.0,,5.0,,,G05_FIORENTINA_NAPOLI,5,,5.0,100.0,,,,,2.0,2.0,,,,,,,
NAPOLI,OUT,7,NERES,38.0,,8.0,,,G05_FIORENTINA_NAPOLI,5,,10.0,83.0,2.0,2.0,,1.0,1.0,1.0,,,,,,,
NAPOLI,OUT,20,LUCCA,38.0,,4.0,,,G05_FIORENTINA_NAPOLI,5,,4.0,80.0,1.0,,,,,,,,,,,,
NAPOLI,OUT,99,ANGUISSA,6.0,,2.0,,,G05_FIORENTINA_NAPOLI,5,,3.0,75.0,1.0,,,,,,,,,,,,
MONZA,GK,1,TÖRNQVIST,99.0,1.0,7.0,,29.0,G05_MONZA_SASSUOLO,5,,,,,,,,,,,,,,,,
MONZA,OUT,60,KOUADIO,99.0,,8.0,,,G05_MONZA_SASSUOLO,5,,38.0,88.0,11.0,,1.0,,1.0,1.0,,,,1.0,,,
MONZA,OUT,3,LUCCHESI,99.0,,3.0,,,G05_MONZA_SASSUOLO,5,,36.0,94.0,3.0,1.0,,,1.0,1.0,,,,,,,
MONZA,OUT,44,A. CARBONI,99.0,,10.0,,,G05_MONZA_SASSUOLO,5,,36.0,80.0,5.0,,,1.0,,,,,,,,,
MONZA,OUT,19,BIRINDELLI,95.0,,18.0,,,G05_MONZA_SASSUOLO,5,,28.0,90.0,3.0,2.0,1.0,1.0,2.0,1.0,,1.0,,,,,
MONZA,OUT,14,AKINSANMIRO,58.0,,8.0,,,G05_MONZA_SASSUOLO,5,,17.0,80.0,3.0,1.0,,1.0,,,,,,,,,
MONZA,OUT,90,FOLORUNSHO,99.0,,17.0,,,G05_MONZA_SASSUOLO,5,,23.0,88.0,3.0,,1.0,1.0,1.0,,,,,,,,
MONZA,OUT,7,MANGAS,58.0,,11.0,,,G05_MONZA_SASSUOLO,5,,18.0,90.0,2.0,1.0,,,1.0,,,,,,,,
MONZA,OUT,10,CUTRONE,58.0,,7.0,,,G05_MONZA_SASSUOLO,5,,8.0,53.0,4.0,1.0,,,1.0,,,,,,,,
MONZA,OUT,46,ROBINSON,84.0,,9.0,,,G05_MONZA_SASSUOLO,5,,13.0,92.0,3.0,2.0,,,2.0,1.0,,,,,,,
MONZA,OUT,9,VARELA,99.0,,11.0,,,G05_MONZA_SASSUOLO,5,,15.0,83.0,1.0,3.0,1.0,1.0,3.0,2.0,2.0,,,,,,
MONZA,OUT,5,MAYE,4.0,,,,,G05_MONZA_SASSUOLO,5,,,,,,,,,,,,,,,,
MONZA,OUT,8,FOE-ONDOA,41.0,,,,,G05_MONZA_SASSUOLO,5,,2.0,66.0,,,,,2.0,,,,,,,,
MONZA,OUT,24,BAKOUNE,41.0,,6.0,,,G05_MONZA_SASSUOLO,5,,9.0,90.0,1.0,1.0,,,,,,,,,,,
MONZA,OUT,47,DANY MOTA,41.0,,5.0,,,G05_MONZA_SASSUOLO,5,,7.0,87.0,1.0,1.0,,1.0,,,,,,,,,
MONZA,OUT,80,MOUT,15.0,,1.0,,,G05_MONZA_SASSUOLO,5,,1.0,100.0,,,,,1.0,,,,,,,,
SASSUOLO,GK,49,MURIĆ,99.0,2.0,3.0,,46.0,G05_MONZA_SASSUOLO,5,,,,,,,,,,,,,,,,
SASSUOLO,OUT,46,CINQUEGRANO,99.0,,26.0,,,G05_MONZA_SASSUOLO,5,,38.0,80.0,7.0,1.0,,1.0,2.0,1.0,,,,,,,
SASSUOLO,OUT,15,ĆALETA-CAR,99.0,,11.0,,,G05_MONZA_SASSUOLO,5,,61.0,92.0,9.0,,,,,,,,,,,,
SASSUOLO,OUT,16,LEYSEN,99.0,,12.0,,,G05_MONZA_SASSUOLO,5,,68.0,94.0,4.0,,,1.0,2.0,,,,,,,,
SASSUOLO,OUT,3,DOIG,99.0,,30.0,,,G05_MONZA_SASSUOLO,5,,53.0,92.0,1.0,1.0,,1.0,,,,,,,,,
SASSUOLO,OUT,42,THORSTVEDT,66.0,,23.0,,,G05_MONZA_SASSUOLO,5,,36.0,87.0,1.0,1.0,,3.0,2.0,1.0,,,,1.0,,,
SASSUOLO,OUT,18,MATIĆ,66.0,,19.0,,,G05_MONZA_SASSUOLO,5,,48.0,96.0,9.0,,,,1.0,,,,,,,,
SASSUOLO,OUT,50,BAKOLA,85.0,,18.0,,,G05_MONZA_SASSUOLO,5,,55.0,94.0,4.0,2.0,,1.0,1.0,1.0,,,,1.0,,,
SASSUOLO,OUT,10,BERARDI,74.0,,12.0,,,G05_MONZA_SASSUOLO,5,,24.0,75.0,2.0,2.0,,1.0,2.0,1.0,,,,2.0,,,
SASSUOLO,OUT,94,S. ESPOSITO,74.0,,13.0,,,G05_MONZA_SASSUOLO,5,,33.0,86.0,,1.0,,,2.0,1.0,,,,,,,
SASSUOLO,OUT,45,LAURIENTÉ,99.0,,37.0,,,G05_MONZA_SASSUOLO,5,,47.0,82.0,1.0,2.0,,2.0,3.0,1.0,,,,,,,
SASSUOLO,OUT,9,BOWIE,33.0,,9.0,,,G05_MONZA_SASSUOLO,5,,9.0,100.0,,3.0,,,1.0,,,,1.0,,,,
SASSUOLO,OUT,17,ADŽIĆ,25.0,,17.0,,,G05_MONZA_SASSUOLO,5,,19.0,86.0,2.0,2.0,,,2.0,1.0,1.0,,,,,,
SASSUOLO,OUT,19,SKJELLERUP,14.0,,1.0,,,G05_MONZA_SASSUOLO,5,,1.0,50.0,,,,,,,,,,,,,
SASSUOLO,OUT,25,DOMÍNGUEZ,25.0,,9.0,,,G05_MONZA_SASSUOLO,5,,9.0,100.0,,,,2.0,1.0,1.0,,,,,,,
SASSUOLO,OUT,35,LIPANI,33.0,,8.0,,,G05_MONZA_SASSUOLO,5,,10.0,100.0,3.0,,1.0,,,,,,,,,,
FROSINONE,GK,22,PALMISANI,101.0,,8.0,,14.0,G05_FROSINONE_COMO,5,,,,,,,,,,,,,,,,
FROSINONE,OUT,20,A. OYONO,101.0,,14.0,,,G05_FROSINONE_COMO,5,,27.0,81.0,6.0,3.0,,1.0,1.0,,,,,,,,
FROSINONE,OUT,3,CALVANI,101.0,,5.0,,,G05_FROSINONE_COMO,5,,22.0,81.0,8.0,,,,,,,,,,,,
FROSINONE,OUT,30,MONTERISI,59.0,,3.0,,,G05_FROSINONE_COMO,5,,10.0,83.0,6.0,,,,1.0,,,,,,,,
FROSINONE,OUT,79,BRACAGLIA,101.0,,8.0,,,G05_FROSINONE_COMO,5,,21.0,77.0,8.0,,1.0,1.0,2.0,1.0,,,,,,,
FROSINONE,OUT,73,MASINI,101.0,,8.0,,,G05_FROSINONE_COMO,5,,14.0,73.0,3.0,1.0,,,1.0,,,,,,,,
FROSINONE,OUT,14,CALÒ,85.0,,17.0,,,G05_FROSINONE_COMO,5,,31.0,81.0,2.0,5.0,,1.0,2.0,1.0,1.0,,,,,,
FROSINONE,OUT,7,GHEDJEMIS,93.0,,12.0,,,G05_FROSINONE_COMO,5,,15.0,100.0,3.0,2.0,,,3.0,1.0,,,,1.0,,,
FROSINONE,OUT,10,SCHMID,93.0,,15.0,,,G05_FROSINONE_COMO,5,,23.0,74.0,6.0,3.0,,1.0,2.0,,,2.0,,,,,
FROSINONE,OUT,17,KVERNADZE,85.0,,6.0,,,G05_FROSINONE_COMO,5,,9.0,90.0,5.0,2.0,1.0,1.0,4.0,1.0,1.0,,,,,,
FROSINONE,OUT,9,RAIMONDO,101.0,,4.0,,,G05_FROSINONE_COMO,5,,6.0,85.0,3.0,,1.0,2.0,6.0,2.0,,,,,,,
FROSINONE,OUT,2,CITTADINI,43.0,,,,,G05_FROSINONE_COMO,5,,1.0,50.0,2.0,,,,,,,,,,,,
FROSINONE,OUT,5,AMEY,9.0,,,,,G05_FROSINONE_COMO,5,,,,1.0,,,1.0,,,,,,,,,
FROSINONE,OUT,16,CICHELLA,17.0,,,,,G05_FROSINONE_COMO,5,,,,,,,,,,,,,,,,
FROSINONE,OUT,24,ZERBIN,16.0,,1.0,,,G05_FROSINONE_COMO,5,,2.0,50.0,,,,,,,,,,,,,
FROSINONE,OUT,34,A. EL AZZOUZI,8.0,,2.0,,,G05_FROSINONE_COMO,5,,2.0,66.0,,,,,,,,,,,,,
COMO,GK,1,BUTEZ,101.0,2.0,4.0,,33.0,G05_FROSINONE_COMO,5,,,,,,,,,,,,,,,,
COMO,OUT,27,YAN COUTO,101.0,,32.0,,,G05_FROSINONE_COMO,5,,51.0,86.0,4.0,3.0,1.0,4.0,1.0,,,,,,,,
COMO,OUT,4,RAMÓN,101.0,,8.0,,,G05_FROSINONE_COMO,5,,44.0,80.0,7.0,1.0,,1.0,,,,,,,,,
COMO,OUT,99,CHALOBAH,101.0,,6.0,,,G05_FROSINONE_COMO,5,,51.0,98.0,6.0,,,2.0,1.0,,,,,,,,
COMO,OUT,3,ÁLEX VALLE,79.0,,12.0,,,G05_FROSINONE_COMO,5,,29.0,93.0,4.0,,,,,,,,,,,,
COMO,OUT,6,MILLA,78.0,,25.0,,,G05_FROSINONE_COMO,5,,48.0,96.0,4.0,,,2.0,,,,,,,,,
COMO,OUT,7,DA CUNHA,51.0,,16.0,,,G05_FROSINONE_COMO,5,,38.0,88.0,4.0,,,1.0,2.0,,,,,,,,
COMO,OUT,11,DIAO,101.0,,25.0,,,G05_FROSINONE_COMO,5,,29.0,87.0,6.0,4.0,1.0,2.0,2.0,,,,,,,,
COMO,OUT,10,NICO PAZ,101.0,,36.0,,,G05_FROSINONE_COMO,5,,44.0,91.0,2.0,3.0,,2.0,10.0,2.0,,,,1.0,,,
COMO,OUT,20,BATURINA,51.0,,11.0,,,G05_FROSINONE_COMO,5,,12.0,100.0,2.0,,,,3.0,1.0,,,,,,,
COMO,OUT,9,DOUVIKAS,51.0,,3.0,,,G05_FROSINONE_COMO,5,,5.0,83.0,,1.0,,1.0,2.0,2.0,,,2.0,2.0,,,
COMO,OUT,5,PERRONE,23.0,,11.0,,,G05_FROSINONE_COMO,5,,20.0,95.0,3.0,1.0,,,1.0,,,,,,,,
COMO,OUT,16,KAIKI,23.0,,3.0,,,G05_FROSINONE_COMO,5,,8.0,88.0,1.0,,,,,,,,,,,,
COMO,OUT,17,JESÚS RODRÍGUEZ,51.0,,8.0,,,G05_FROSINONE_COMO,5,,9.0,75.0,1.0,,,1.0,2.0,1.0,,,,,,,
COMO,OUT,21,RICCI,51.0,,17.0,,,G05_FROSINONE_COMO,5,,26.0,89.0,1.0,,,1.0,,,,,,,,,
COMO,OUT,90,KEAN,51.0,,2.0,,,G05_FROSINONE_COMO,5,,2.0,100.0,,,,2.0,2.0,2.0,,,,1.0,,,
MILAN,GK,16,MAIGNAN,94.0,,3.0,,37.0,G05_MILAN_LECCE,5,,,,,,,,,,,,,,,,
MILAN,OUT,34,GILA,94.0,,16.0,,,G05_MILAN_LECCE,5,,65.0,90.0,7.0,,,2.0,,,,,,,,,
MILAN,OUT,5,DE WINTER,94.0,,10.0,,,G05_MILAN_LECCE,5,,59.0,93.0,4.0,,,,1.0,,,,,1.0,,,
MILAN,OUT,31,PAVLOVIĆ,94.0,,11.0,,,G05_MILAN_LECCE,5,,92.0,91.0,5.0,1.0,,2.0,2.0,1.0,,1.0,,,,,
MILAN,OUT,21,CHUKWUEZE,88.0,,15.0,,,G05_MILAN_LECCE,5,,33.0,82.0,,,,,,,,,,,,,
MILAN,OUT,14,MODRIĆ,76.0,,15.0,,,G05_MILAN_LECCE,5,,88.0,96.0,9.0,1.0,,,,,,,,,,,
MILAN,OUT,12,RABIOT,94.0,,21.0,,,G05_MILAN_LECCE,5,,70.0,94.0,4.0,1.0,,1.0,1.0,1.0,1.0,,,,,,
MILAN,OUT,2,ESTUPIÑÁN,76.0,,21.0,,,G05_MILAN_LECCE,5,,54.0,91.0,6.0,,,1.0,2.0,,,,,1.0,,,
MILAN,OUT,11,PULISIC,69.0,,23.0,,,G05_MILAN_LECCE,5,,41.0,93.0,4.0,1.0,,2.0,2.0,1.0,1.0,,,,,,
MILAN,OUT,56,SAELEMAEKERS,69.0,,32.0,,,G05_MILAN_LECCE,5,,50.0,90.0,5.0,1.0,,4.0,1.0,,,,,,,,
MILAN,OUT,9,GONÇALO RAMOS,94.0,,15.0,,,G05_MILAN_LECCE,5,,32.0,91.0,1.0,1.0,,,,,,1.0,,,,,
MILAN,OUT,8,LOFTUS-CHEEK,25.0,,,,,G05_MILAN_LECCE,5,,2.0,66.0,1.0,,,,,,,,,,,,
MILAN,OUT,22,MOREIRA,25.0,,2.0,,,G05_MILAN_LECCE,5,,5.0,100.0,,,,,1.0,1.0,1.0,,,,,,
MILAN,OUT,33,BARTESAGHI,18.0,,,,,G05_MILAN_LECCE,5,,8.0,100.0,1.0,,,,,,,,,,,,
MILAN,OUT,73,CAMARDA,7.0,,1.0,,,G05_MILAN_LECCE,5,,1.0,100.0,1.0,,,,,,,,,,,,
MILAN,OUT,80,MUSAH,18.0,,1.0,,,G05_MILAN_LECCE,5,,7.0,87.0,,,,1.0,,,,,,,,,
LECCE,GK,30,FALCONE,94.0,3.0,1.0,,19.0,G05_MILAN_LECCE,5,,,,,,,,,,,,,,,,
LECCE,OUT,17,DANILO VEIGA,94.0,,13.0,,,G05_MILAN_LECCE,5,,31.0,79.0,2.0,1.0,1.0,1.0,,,,,,,,,
LECCE,OUT,5,SIEBERT,94.0,,5.0,,,G05_MILAN_LECCE,5,,30.0,85.0,5.0,,,,,,,,,,,,
LECCE,OUT,4,GASPAR,94.0,,3.0,,,G05_MILAN_LECCE,5,,45.0,91.0,6.0,,,1.0,1.0,1.0,,,,,,,
LECCE,OUT,25,GALLO,94.0,,12.0,,,G05_MILAN_LECCE,5,,23.0,71.0,6.0,1.0,,,,,,,,,,,
LECCE,OUT,29,L. COULIBALY,94.0,,6.0,,,G05_MILAN_LECCE,5,,14.0,82.0,2.0,,,2.0,1.0,,,,,,,,
LECCE,OUT,20,ILIĆ,70.0,,5.0,,,G05_MILAN_LECCE,5,,26.0,86.0,3.0,,,1.0,1.0,,,,,,,,
LECCE,OUT,14,MALEH,70.0,,6.0,,,G05_MILAN_LECCE,5,,16.0,88.0,2.0,,,1.0,,,,,,,,,
LECCE,OUT,50,PIEROTTI,82.0,,4.0,,,G05_MILAN_LECCE,5,,9.0,64.0,6.0,,,1.0,,,,,,,,,
LECCE,OUT,9,ŠTULIĆ,46.0,,5.0,,,G05_MILAN_LECCE,5,,8.0,72.0,2.0,1.0,,,,,,,,,,,
LECCE,OUT,99,MONTEIRO,70.0,,5.0,,,G05_MILAN_LECCE,5,,6.0,60.0,2.0,,,,1.0,,,,,,,,
LECCE,OUT,7,FATAH,24.0,,3.0,,,G05_MILAN_LECCE,5,,4.0,66.0,,,,,1.0,1.0,,,,,,,
LECCE,OUT,11,N'DRI,12.0,,3.0,,,G05_MILAN_LECCE,5,,5.0,100.0,,,,1.0,,,,,,,,,
LECCE,OUT,22,PACO ESTEBAN,49.0,,3.0,,,G05_MILAN_LECCE,5,,3.0,75.0,,,,1.0,,,,,,,,,
LECCE,OUT,77,KABA,25.0,,7.0,,,G05_MILAN_LECCE,5,,12.0,85.0,1.0,,,,,,,,,,,,
LECCE,OUT,79,NGOM,25.0,,3.0,,,G05_MILAN_LECCE,5,,11.0,84.0,3.0,,,,1.0,1.0,,,,,,,
VENEZIA,GK,1,F. STANKOVIĆ,95.0,2.0,,,26.0,G05_VENEZIA_LAZIO,5,,,,,,,,,,,,,,,,
VENEZIA,OUT,3,SCHINGTIENNE,95.0,,16.0,,,G05_VENEZIA_LAZIO,5,,40.0,83.0,5.0,,1.0,,,,,,,,,,
VENEZIA,OUT,15,JUAN JESUS,95.0,,8.0,,,G05_VENEZIA_LAZIO,5,,60.0,96.0,9.0,,1.0,,,,,,,,,,
VENEZIA,OUT,2,MORENO,95.0,,10.0,,,G05_VENEZIA_LAZIO,5,,39.0,92.0,5.0,,1.0,1.0,3.0,,,,,,,,
VENEZIA,OUT,18,HAINAUT,95.0,,29.0,,,G05_VENEZIA_LAZIO,5,,43.0,93.0,2.0,,,,1.0,1.0,,,,,,,
VENEZIA,OUT,71,KIKE PÉREZ,95.0,,42.0,,,G05_VENEZIA_LAZIO,5,,69.0,95.0,5.0,3.0,1.0,2.0,,,,,,,,,
VENEZIA,OUT,19,SOHM,95.0,,26.0,,,G05_VENEZIA_LAZIO,5,,50.0,86.0,4.0,2.0,,,2.0,1.0,,,,,,,
VENEZIA,OUT,21,HELGASON,74.0,,7.0,,,G05_VENEZIA_LAZIO,5,,24.0,88.0,2.0,,,,1.0,,,,,,,,
VENEZIA,OUT,14,CORREIA,77.0,,14.0,,,G05_VENEZIA_LAZIO,5,,22.0,78.0,3.0,1.0,1.0,3.0,2.0,,,,,,,,
VENEZIA,OUT,10,YEBOAH,87.0,,25.0,,,G05_VENEZIA_LAZIO,5,,32.0,82.0,4.0,3.0,,1.0,2.0,1.0,,,,1.0,,,
VENEZIA,OUT,45,A. ADAMS,74.0,,4.0,,,G05_VENEZIA_LAZIO,5,,10.0,66.0,,,,1.0,5.0,3.0,,,,,,,
VENEZIA,OUT,7,AL. RRAHMANI,21.0,,4.0,,,G05_VENEZIA_LAZIO,5,,4.0,57.0,,,,,,,,,,,,,
VENEZIA,OUT,8,FANNE,21.0,,3.0,,,G05_VENEZIA_LAZIO,5,,4.0,80.0,,,,,,,,,,,,,
VENEZIA,OUT,20,SAGRADO,18.0,,4.0,,,G05_VENEZIA_LAZIO,5,,7.0,100.0,1.0,,,,,,,,,,,,
VENEZIA,OUT,77,FERNÁNDEZ,8.0,,1.0,,,G05_VENEZIA_LAZIO,5,,3.0,75.0,,,1.0,,,,,,,,,,
LAZIO,GK,35,MANDAS,95.0,,6.0,,38.0,G05_VENEZIA_LAZIO,5,,,,,,,,,,,,,,,,
LAZIO,OUT,15,FLORIANI M.,79.0,,23.0,,,G05_VENEZIA_LAZIO,5,,38.0,95.0,3.0,1.0,,,,,,,,,,,
LAZIO,OUT,37,ŠUTALO,95.0,,16.0,,,G05_VENEZIA_LAZIO,5,,55.0,93.0,12.0,,,,,,,,,,,,
LAZIO,OUT,25,PROVSTGAARD,95.0,,24.0,,,G05_VENEZIA_LAZIO,5,,68.0,94.0,1.0,,,,,,,,,,,,
LAZIO,OUT,17,NUNO TAVARES,85.0,,27.0,,,G05_VENEZIA_LAZIO,5,,50.0,92.0,3.0,1.0,,,,,,1.0,,,,,
LAZIO,OUT,16,FRATTESI,95.0,,6.0,,,G05_VENEZIA_LAZIO,5,,9.0,45.0,1.0,2.0,,2.0,,,,,,,,,
LAZIO,OUT,21,BELAHYANE,95.0,,33.0,,,G05_VENEZIA_LAZIO,5,,62.0,95.0,8.0,1.0,,1.0,1.0,,,,,,,,
LAZIO,OUT,24,TAYLOR,78.0,,30.0,,,G05_VENEZIA_LAZIO,5,,43.0,95.0,3.0,,,1.0,3.0,,,,,,,,
LAZIO,OUT,22,CANCELLIERI,95.0,,20.0,,,G05_VENEZIA_LAZIO,5,,25.0,89.0,3.0,,,5.0,1.0,,,,,,,,
LAZIO,OUT,14,NOSLIN,79.0,,12.0,,,G05_VENEZIA_LAZIO,5,,15.0,75.0,1.0,1.0,,,2.0,1.0,1.0,,,,,,
LAZIO,OUT,10,ZACCAGNI,88.0,,30.0,,,G05_VENEZIA_LAZIO,5,,35.0,89.0,4.0,,,2.0,3.0,1.0,1.0,,,,,,
LAZIO,OUT,9,PINAMONTI,16.0,,3.0,,,G05_VENEZIA_LAZIO,5,,5.0,83.0,2.0,,,,,,,,,,,,
LAZIO,OUT,11,ISAKSEN,8.0,,2.0,,,G05_VENEZIA_LAZIO,5,,3.0,75.0,,,,1.0,,,,,,,,,
LAZIO,OUT,23,PEDRAZA,10.0,,2.0,,,G05_VENEZIA_LAZIO,5,,4.0,66.0,1.0,,,1.0,,,,,,,,,
LAZIO,OUT,29,LAZZARI,16.0,,2.0,,,G05_VENEZIA_LAZIO,5,,4.0,100.0,1.0,,,1.0,1.0,,,,,,,,
LAZIO,OUT,80,GUÐMUNDSSON,17.0,,4.0,,,G05_VENEZIA_LAZIO,5,,4.0,100.0,1.0,1.0,,,,,,,,,,,
BOLOGNA,GK,1,SKORUPSKI,99.0,1.0,2.0,,25.0,G05_BOLOGNA_TORINO,5,,,,,,,,,,,,,,,,
BOLOGNA,OUT,5,HELLAND,61.0,,2.0,,,G05_BOLOGNA_TORINO,5,,20.0,90.0,2.0,,,,,,,,,,,,
BOLOGNA,OUT,14,HEGGEM,99.0,,1.0,,,G05_BOLOGNA_TORINO,5,,23.0,82.0,8.0,,,,,,,,,,,,
BOLOGNA,OUT,3,THEATE,99.0,,9.0,,,G05_BOLOGNA_TORINO,5,,21.0,77.0,7.0,,,,1.0,,,,,,,,
BOLOGNA,OUT,20,ZORTEA,88.0,,12.0,,,G05_BOLOGNA_TORINO,5,,22.0,73.0,3.0,,,,,,,,,,,,
BOLOGNA,OUT,19,L. FERGUSON,99.0,,13.0,,,G05_BOLOGNA_TORINO,5,,38.0,90.0,6.0,,,1.0,,,,,,,,,
BOLOGNA,OUT,4,POBEGA,80.0,,7.0,,,G05_BOLOGNA_TORINO,5,,12.0,66.0,3.0,,,,2.0,,,,,1.0,,,
BOLOGNA,OUT,33,MIRANDA,99.0,,11.0,,,G05_BOLOGNA_TORINO,5,,16.0,59.0,6.0,4.0,,,,,,,,,,,
BOLOGNA,OUT,10,BERNARDESCHI,79.0,,13.0,,,G05_BOLOGNA_TORINO,5,,22.0,84.0,2.0,1.0,,2.0,4.0,1.0,1.0,,,,,,
BOLOGNA,OUT,91,PICCOLI,99.0,,6.0,,,G05_BOLOGNA_TORINO,5,,7.0,70.0,1.0,,,3.0,3.0,,,,,,,,
BOLOGNA,OUT,28,CAMBIAGHI,61.0,,12.0,,,G05_BOLOGNA_TORINO,5,,13.0,86.0,4.0,,,3.0,,,,,,,,,
BOLOGNA,OUT,2,HOLM,12.0,,4.0,,,G05_BOLOGNA_TORINO,5,,10.0,58.0,1.0,,,,,,,,,,,,
BOLOGNA,OUT,6,N. MORO,20.0,,2.0,,,G05_BOLOGNA_TORINO,5,,4.0,66.0,1.0,1.0,,,,,,,,,,,
BOLOGNA,OUT,7,ORSOLINI,20.0,,4.0,,,G05_BOLOGNA_TORINO,5,,5.0,55.0,1.0,,,1.0,,,,,,,,,
BOLOGNA,OUT,21,ODGAARD,38.0,,1.0,,,G05_BOLOGNA_TORINO,5,,3.0,100.0,2.0,,,2.0,,,,,,,,,
BOLOGNA,OUT,29,DE SILVESTRI,38.0,,1.0,,,G05_BOLOGNA_TORINO,5,,12.0,60.0,4.0,,,,,,,,,,,,
TORINO,GK,20,PERRI,99.0,1.0,,,26.0,G05_BOLOGNA_TORINO,5,,,,,,,,,,,,,,,,
TORINO,OUT,5,CÖMERT,71.0,,10.0,,,G05_BOLOGNA_TORINO,5,,51.0,86.0,4.0,,,,,,,,,,,,
TORINO,OUT,44,ISMAJLI,99.0,,5.0,,,G05_BOLOGNA_TORINO,5,,43.0,91.0,5.0,,,1.0,,,,,,,,,
TORINO,OUT,23,COCO,99.0,,12.0,,,G05_BOLOGNA_TORINO,5,,52.0,88.0,6.0,1.0,,4.0,2.0,,,,,,,,
TORINO,OUT,29,FORTINI,48.0,,13.0,,,G05_BOLOGNA_TORINO,5,,19.0,79.0,2.0,,,,,,,,,,,,
TORINO,OUT,8,MANDRAGORA,99.0,,10.0,,,G05_BOLOGNA_TORINO,5,,29.0,85.0,3.0,6.0,,2.0,2.0,1.0,,1.0,,,,,
TORINO,OUT,28,FITZ-JIM,58.0,,13.0,,,G05_BOLOGNA_TORINO,5,,27.0,84.0,3.0,2.0,,1.0,,,,,,,,,
TORINO,OUT,21,BRAGANÇA,71.0,,18.0,,,G05_BOLOGNA_TORINO,5,,30.0,96.0,,,1.0,4.0,2.0,,,,,,,,
TORINO,OUT,77,CACCIAMANI,99.0,,13.0,,,G05_BOLOGNA_TORINO,5,,19.0,73.0,4.0,,,1.0,,,,,,,,,
TORINO,OUT,10,VLAŠIĆ,71.0,,17.0,,,G05_BOLOGNA_TORINO,5,,26.0,86.0,1.0,,,,1.0,,,,,,,,
TORINO,OUT,18,SIMEONE,99.0,,6.0,,,G05_BOLOGNA_TORINO,5,,9.0,45.0,2.0,,,3.0,3.0,,,,,,,,
TORINO,OUT,2,PATTERSON,51.0,,10.0,,,G05_BOLOGNA_TORINO,5,,22.0,88.0,3.0,,1.0,,,,,,,,,,
TORINO,OUT,6,İLKHAN,28.0,,7.0,,,G05_BOLOGNA_TORINO,5,,17.0,85.0,3.0,,,1.0,,,,,,,,,
TORINO,OUT,11,ORISTANIO,28.0,,1.0,,,G05_BOLOGNA_TORINO,5,,1.0,100.0,,2.0,,,1.0,,,,,,,,
TORINO,OUT,17,KULENOVIĆ,41.0,,7.0,,,G05_BOLOGNA_TORINO,5,,7.0,63.0,,,,,3.0,2.0,1.0,,,,,,
TORINO,OUT,45,BELGHALI,28.0,,5.0,,,G05_BOLOGNA_TORINO,5,,8.0,88.0,2.0,1.0,1.0,,,,,,,,,,
UDINESE,GK,40,OKOYE,95.0,1.0,1.0,,40.0,G05_UDINESE_CAGLIARI,5,,,,,,,,,,,,,,,,
UDINESE,OUT,14,ABANKWAH,95.0,,27.0,,,G05_UDINESE_CAGLIARI,5,,68.0,93.0,3.0,1.0,,1.0,1.0,,,,,,,,
UDINESE,OUT,27,KABASELE,72.0,,11.0,,,G05_UDINESE_CAGLIARI,5,,60.0,96.0,9.0,,,2.0,2.0,1.0,,,,1.0,,,
UDINESE,OUT,77,EBOSSE,95.0,,38.0,,,G05_UDINESE_CAGLIARI,5,,83.0,89.0,6.0,2.0,,,1.0,,,,,,,,
UDINESE,OUT,23,VOJVODA,95.0,,39.0,,,G05_UDINESE_CAGLIARI,5,,61.0,89.0,3.0,2.0,,1.0,1.0,,,,,,,,
UDINESE,OUT,38,MILLER,58.0,,29.0,,,G05_UDINESE_CAGLIARI,5,,35.0,87.0,2.0,3.0,,1.0,1.0,,,,,,,,
UDINESE,OUT,8,KARLSTRÖM,95.0,,49.0,,,G05_UDINESE_CAGLIARI,5,,68.0,89.0,7.0,2.0,1.0,1.0,1.0,,,,,,,,
UDINESE,OUT,11,KAMARA,72.0,,26.0,,,G05_UDINESE_CAGLIARI,5,,35.0,89.0,2.0,1.0,,,2.0,,,,,,,,
UDINESE,OUT,10,ZANIOLO,46.0,,9.0,,,G05_UDINESE_CAGLIARI,5,,9.0,69.0,1.0,2.0,1.0,,2.0,,,,,,,,
UDINESE,OUT,32,EKKELENKAMP,95.0,,44.0,,,G05_UDINESE_CAGLIARI,5,,51.0,94.0,4.0,,,1.0,5.0,1.0,,,,,,,
UDINESE,OUT,9,DAVIS,38.0,,1.0,,,G05_UDINESE_CAGLIARI,5,,2.0,100.0,1.0,,,,1.0,,,,,,,,
UDINESE,OUT,7,GUEYE,58.0,,5.0,,,G05_UDINESE_CAGLIARI,5,,6.0,66.0,2.0,1.0,,,5.0,4.0,,,,,,,
UDINESE,OUT,15,BAYO,23.0,,5.0,,,G05_UDINESE_CAGLIARI,5,,5.0,100.0,,,,,1.0,,,,,,,,
UDINESE,OUT,30,CHAKVETADZE,49.0,,31.0,,,G05_UDINESE_CAGLIARI,5,,32.0,96.0,,,,,2.0,,,,,,,,
UDINESE,OUT,46,UNAI GÓMEZ,37.0,,12.0,,,G05_UDINESE_CAGLIARI,5,,15.0,100.0,,,,1.0,1.0,,,,,,,,
UDINESE,OUT,59,ZANOLI,23.0,,18.0,,,G05_UDINESE_CAGLIARI,5,,22.0,95.0,,3.0,,,1.0,,,,,,,,
CAGLIARI,GK,1,CAPRILE,95.0,,6.0,,27.0,G05_UDINESE_CAGLIARI,5,,,,,,,,,,,,,,,,
CAGLIARI,OUT,14,DEIOLA,95.0,,1.0,,,G05_UDINESE_CAGLIARI,5,,17.0,70.0,,,,,,,,,,,,,
CAGLIARI,OUT,26,MINA,95.0,,,,,G05_UDINESE_CAGLIARI,5,,38.0,97.0,1.0,,,1.0,,,,,,,,,
CAGLIARI,OUT,15,J. RODRÍGUEZ,60.0,,,,,G05_UDINESE_CAGLIARI,5,,25.0,89.0,2.0,,,,,,,,,,,,
CAGLIARI,OUT,2,ZÉ PEDRO,95.0,,3.0,,,G05_UDINESE_CAGLIARI,5,,23.0,85.0,3.0,,,1.0,,,,,,,,,
CAGLIARI,OUT,4,A. ROMANO,86.0,,7.0,,,G05_UDINESE_CAGLIARI,5,,36.0,87.0,5.0,,,,1.0,1.0,,,,,,,
CAGLIARI,OUT,6,WINKS,95.0,,12.0,,,G05_UDINESE_CAGLIARI,5,,44.0,97.0,6.0,,,1.0,1.0,,,,,,,,
CAGLIARI,OUT,33,OBERT,95.0,,7.0,,,G05_UDINESE_CAGLIARI,5,,31.0,91.0,5.0,,,1.0,,,,,,,,,
CAGLIARI,OUT,8,ADOPO,95.0,,6.0,,,G05_UDINESE_CAGLIARI,5,,22.0,84.0,5.0,,,1.0,,,,,,,,,
CAGLIARI,OUT,70,MALDINI,60.0,,7.0,,,G05_UDINESE_CAGLIARI,5,,17.0,85.0,4.0,1.0,,2.0,1.0,1.0,1.0,,,,,,
CAGLIARI,OUT,31,MENDY,86.0,,5.0,,,G05_UDINESE_CAGLIARI,5,,9.0,75.0,3.0,,,1.0,2.0,,,,,,,,
CAGLIARI,OUT,9,KEVIN CARLOS,35.0,,4.0,,,G05_UDINESE_CAGLIARI,5,,4.0,57.0,1.0,,,1.0,,,,,,,,,
CAGLIARI,OUT,21,GAGLIARDINI,9.0,,2.0,,,G05_UDINESE_CAGLIARI,5,,2.0,100.0,,,,,,,,,,,,,
CAGLIARI,OUT,28,SUGAWARA,35.0,,2.0,,,G05_UDINESE_CAGLIARI,5,,7.0,100.0,,1.0,,,,,,,,,,,
CAGLIARI,OUT,39,FADERA,9.0,,2.0,,,G05_UDINESE_CAGLIARI,5,,3.0,75.0,,,,,,,,,,,,,
PARMA,GK,40,CORVI,100.0,1.0,4.0,,25.0,G05_PARMA_GENOA,5,,,,,,,,,,,,,,,,
PARMA,OUT,34,DIEGO CARLOS,84.0,,3.0,,,G05_PARMA_GENOA,5,,34.0,94.0,5.0,,,,,,,,,,,,
PARMA,OUT,37,TROILO,100.0,,2.0,,,G05_PARMA_GENOA,5,,36.0,85.0,8.0,,1.0,1.0,,,,,,,,,
PARMA,OUT,72,DROBNIC,100.0,,2.0,,,G05_PARMA_GENOA,5,,32.0,80.0,,,1.0,1.0,,,,,,,,,
PARMA,OUT,15,DELPRATO,100.0,,9.0,,,G05_PARMA_GENOA,5,,27.0,90.0,2.0,,1.0,1.0,,,,,,,,,
PARMA,OUT,4,SIERRO,84.0,,4.0,,,G05_PARMA_GENOA,5,,27.0,93.0,2.0,,,1.0,,,,,,,,,
PARMA,OUT,16,KEITA,100.0,,7.0,,,G05_PARMA_GENOA,5,,27.0,90.0,3.0,,,4.0,,,,,,,,,
PARMA,OUT,14,VALERI,100.0,,8.0,,,G05_PARMA_GENOA,5,,15.0,65.0,5.0,1.0,,2.0,,,,,,,,,
PARMA,OUT,19,E. TOURÉ,60.0,,5.0,,,G05_PARMA_GENOA,5,,6.0,75.0,2.0,1.0,,2.0,1.0,,,1.0,,,,,
PARMA,OUT,76,LONTANI,70.0,,3.0,,,G05_PARMA_GENOA,5,,8.0,66.0,3.0,,,,,,,,,,,,
PARMA,OUT,9,ROMERO,60.0,,1.0,,,G05_PARMA_GENOA,5,,3.0,50.0,2.0,,,,1.0,1.0,1.0,,,,,,
PARMA,OUT,11,ALMQVIST,40.0,,2.0,,,G05_PARMA_GENOA,5,,2.0,100.0,,1.0,,,1.0,1.0,1.0,,,,,,
PARMA,OUT,23,ELPHEGE,40.0,,6.0,,,G05_PARMA_GENOA,5,,10.0,100.0,3.0,1.0,,,1.0,,,1.0,,,,,
PARMA,OUT,27,BRITSCHGI,16.0,,1.0,,,G05_PARMA_GENOA,5,,2.0,66.0,,,,,,,,,,,,,
PARMA,OUT,32,ORDOÑEZ,16.0,,2.0,,,G05_PARMA_GENOA,5,,3.0,100.0,,,,,1.0,,,,,,,,
PARMA,OUT,80,FABBIAN,30.0,,2.0,,,G05_PARMA_GENOA,5,,6.0,100.0,1.0,1.0,,,,,,,,,,,
GENOA,GK,1,BIJLOW,100.0,2.0,,,26.0,G05_PARMA_GENOA,5,,,,,,,,,,,,,,,,
GENOA,OUT,27,MARCANDALLI,100.0,,18.0,,,G05_PARMA_GENOA,5,,47.0,82.0,8.0,,1.0,1.0,,,,,,,,,
GENOA,OUT,5,ØSTIGÅRD,100.0,,8.0,,,G05_PARMA_GENOA,5,,55.0,93.0,12.0,,,2.0,2.0,1.0,,,,,,,
GENOA,OUT,34,OTOA,63.0,,11.0,,,G05_PARMA_GENOA,5,,33.0,91.0,6.0,,1.0,1.0,,,,,,,,,
GENOA,OUT,3,EHIZIBUE,63.0,,17.0,,,G05_PARMA_GENOA,5,,24.0,77.0,1.0,,,,,,,,,,,,
GENOA,OUT,32,FRENDRUP,100.0,,26.0,,,G05_PARMA_GENOA,5,,46.0,86.0,5.0,1.0,,,,,,,,,,,
GENOA,OUT,97,SOW,88.0,,33.0,,,G05_PARMA_GENOA,5,,46.0,95.0,2.0,3.0,,1.0,,,,,,,,,
GENOA,OUT,77,ELLERTSSON,100.0,,16.0,,,G05_PARMA_GENOA,5,,21.0,60.0,1.0,,1.0,2.0,,,,,,,,,
GENOA,OUT,10,MESSIAS,88.0,,11.0,,,G05_PARMA_GENOA,5,,15.0,75.0,3.0,,,3.0,5.0,3.0,,,,,,,
GENOA,OUT,8,BALDANZI,72.0,,16.0,,,G05_PARMA_GENOA,5,,23.0,79.0,,,,1.0,1.0,,,,,,,,
GENOA,OUT,18,OSMAJIĆ,100.0,,5.0,,,G05_PARMA_GENOA,5,,5.0,55.0,1.0,,,3.0,2.0,1.0,1.0,,,1.0,,,
GENOA,OUT,9,VITINHA,12.0,,,,,G05_PARMA_GENOA,5,,3.0,100.0,1.0,,,1.0,2.0,,,,,,,,
GENOA,OUT,25,TRAORÉ,12.0,,13.0,,,G05_PARMA_GENOA,5,,16.0,94.0,1.0,1.0,,,,,,,,,,,
GENOA,OUT,29,LO. COLOMBO,28.0,,2.0,,,G05_PARMA_GENOA,5,,3.0,60.0,2.0,1.0,,,,,,1.0,,,,,
GENOA,OUT,31,PUCZKA,37.0,,15.0,,,G05_PARMA_GENOA,5,,23.0,76.0,2.0,,,,,,,,,,,,
GENOA,OUT,92,EL SHAARAWY,37.0,,13.0,,,G05_PARMA_GENOA,5,,19.0,86.0,3.0,,,1.0,,,,,,,,,
SASSUOLO,GK,49,MURIĆ,99.0,1.0,3.0,1.0,18.0,G02_SASSUOLO_TORINO,2,,,,,,,,,,,,,,,,
SASSUOLO,OUT,46,CINQUEGRANO,99.0,,33.0,,,G02_SASSUOLO_TORINO,2,68.0,51.0,91.0,7.0,,,,2.0,1.0,,,1.0,,,,
SASSUOLO,OUT,21,IDZES,99.0,,12.0,,,G02_SASSUOLO_TORINO,2,56.0,38.0,95.0,4.0,,,1.0,,,,,,,,,
SASSUOLO,OUT,16,LEYSEN,99.0,,5.0,,,G02_SASSUOLO_TORINO,2,63.0,43.0,87.0,5.0,1.0,,,,,,1.0,,,,,
SASSUOLO,OUT,3,DOIG,63.0,,14.0,,,G02_SASSUOLO_TORINO,2,34.0,23.0,95.0,2.0,1.0,,,,,,,,,,,
SASSUOLO,OUT,17,ADŽIĆ,63.0,,11.0,,,G02_SASSUOLO_TORINO,2,27.0,18.0,90.0,,4.0,,,1.0,,,1.0,,,,,
SASSUOLO,OUT,18,MATIĆ,93.0,,31.0,,,G02_SASSUOLO_TORINO,2,77.0,52.0,86.0,8.0,1.0,1.0,,1.0,,,,,,,,
SASSUOLO,OUT,50,BAKOLA,99.0,,39.0,,,G02_SASSUOLO_TORINO,2,73.0,52.0,96.0,6.0,3.0,,,,,,,,,,,
SASSUOLO,OUT,7,VOLPATO,63.0,,19.0,,,G02_SASSUOLO_TORINO,2,41.0,22.0,81.0,2.0,3.0,1.0,1.0,3.0,2.0,1.0,,,,,,
SASSUOLO,OUT,9,BOWIE,76.0,,8.0,,,G02_SASSUOLO_TORINO,2,23.0,10.0,71.0,2.0,1.0,,1.0,3.0,1.0,,,,1.0,,,
SASSUOLO,OUT,45,LAURIENTÉ,99.0,,29.0,,,G02_SASSUOLO_TORINO,2,46.0,31.0,93.0,3.0,1.0,1.0,1.0,7.0,2.0,,,,,,,
SASSUOLO,OUT,10,BERARDI,24.0,,11.0,,,G02_SASSUOLO_TORINO,2,20.0,13.0,86.0,,1.0,,1.0,1.0,1.0,1.0,,,,,,
SASSUOLO,OUT,25,DOMÍNGUEZ,36.0,,10.0,,,G02_SASSUOLO_TORINO,2,19.0,11.0,73.0,1.0,,,2.0,,,,,,,,,
SASSUOLO,OUT,33,OBRADOR,36.0,,20.0,,,G02_SASSUOLO_TORINO,2,35.0,26.0,89.0,,,,1.0,,,,,,,,,
SASSUOLO,OUT,35,LIPANI,6.0,,1.0,,,G02_SASSUOLO_TORINO,2,1.0,1.0,100.0,,,,,,,,,,,,,
SASSUOLO,OUT,42,THORSTVEDT,36.0,,19.0,,,G02_SASSUOLO_TORINO,2,28.0,21.0,87.0,1.0,1.0,,,1.0,,,,,,,,
TORINO,GK,26,MASCARDI,99.0,2.0,5.0,,7.0,G02_SASSUOLO_TORINO,2,,,,,,,,,,,,,,,,
TORINO,OUT,15,COMUZZO,99.0,,15.0,,,G02_SASSUOLO_TORINO,2,82.0,59.0,96.0,6.0,,,,1.0,1.0,1.0,,,,,,
TORINO,OUT,23,COCO,99.0,,19.0,,,G02_SASSUOLO_TORINO,2,121.0,96.0,94.0,6.0,1.0,,,1.0,1.0,,,,1.0,,,
TORINO,OUT,5,CÖMERT,71.0,,16.0,,,G02_SASSUOLO_TORINO,2,97.0,82.0,91.0,5.0,,,2.0,,,,,,,,,
TORINO,OUT,29,FORTINI,76.0,,21.0,,,G02_SASSUOLO_TORINO,2,56.0,36.0,85.0,4.0,1.0,,,,,,,,,,,
TORINO,OUT,28,FITZ-JIM,99.0,,13.0,,,G02_SASSUOLO_TORINO,2,56.0,34.0,82.0,4.0,1.0,,3.0,1.0,,,,,,,,
TORINO,OUT,66,GINEITIS,71.0,,11.0,,,G02_SASSUOLO_TORINO,2,33.0,16.0,84.0,4.0,,1.0,3.0,1.0,,,,,,,,
TORINO,OUT,77,CACCIAMANI,99.0,,24.0,,,G02_SASSUOLO_TORINO,2,62.0,38.0,95.0,4.0,1.0,,3.0,1.0,,,1.0,,,,,
TORINO,OUT,10,VLAŠIĆ,99.0,,22.0,,,G02_SASSUOLO_TORINO,2,60.0,40.0,90.0,3.0,1.0,,,2.0,1.0,,,,1.0,,,
TORINO,OUT,19,C. ADAMS,86.0,,8.0,,,G02_SASSUOLO_TORINO,2,27.0,18.0,90.0,2.0,1.0,,,1.0,1.0,,,,1.0,,,
TORINO,OUT,18,SIMEONE,76.0,,3.0,,,G02_SASSUOLO_TORINO,2,20.0,9.0,64.0,1.0,,,1.0,1.0,,,,,,,,
TORINO,OUT,6,İLKHAN,29.0,,6.0,,,G02_SASSUOLO_TORINO,2,13.0,9.0,90.0,1.0,,,,,,,,,,,,
TORINO,OUT,7,ABOUKHLAL,23.0,,2.0,,,G02_SASSUOLO_TORINO,2,10.0,3.0,60.0,1.0,,,,1.0,,,,,,,,
TORINO,OUT,17,KULENOVIĆ,23.0,,,,,G02_SASSUOLO_TORINO,2,2.0,,,,,,,,,,,,,,,
TORINO,OUT,44,ISMAJLI,29.0,,1.0,,,G02_SASSUOLO_TORINO,2,22.0,11.0,78.0,1.0,,,,,,,,,,,,
TORINO,OUT,91,ZAPATA,13.0,,1.0,,,G02_SASSUOLO_TORINO,2,5.0,1.0,100.0,1.0,,,,,,,,,,,,
LECCE,GK,30,FALCONE,99.0,4.0,4.0,2.0,24.0,G02_LECCE_ROMA,2,,,,,,,,,,,,,,,,
LECCE,OUT,44,TIAGO GABRIEL,49.0,,1.0,,,G02_LECCE_ROMA,2,26.0,14.0,93.0,4.0,,,,,,,,,,,,
LECCE,OUT,5,SIEBERT,99.0,,8.0,,,G02_LECCE_ROMA,2,50.0,29.0,74.0,2.0,,,,,,,,,,,,
LECCE,OUT,4,GASPAR,99.0,,7.0,,,G02_LECCE_ROMA,2,68.0,38.0,92.0,7.0,,,3.0,1.0,1.0,,,,1.0,,,
LECCE,OUT,17,DANILO VEIGA,99.0,,9.0,,,G02_LECCE_ROMA,2,60.0,36.0,80.0,5.0,,,,,,,,,,,,
LECCE,OUT,29,L. COULIBALY,99.0,,10.0,,,G02_LECCE_ROMA,2,47.0,35.0,85.0,3.0,1.0,,2.0,1.0,,,,1.0,,,,
LECCE,OUT,79,NGOM,75.0,,12.0,,,G02_LECCE_ROMA,2,45.0,33.0,84.0,6.0,,,,,,,,,,,,
LECCE,OUT,28,GORTER,49.0,,4.0,,,G02_LECCE_ROMA,2,17.0,8.0,66.0,1.0,1.0,,,,,,,,,,,
LECCE,OUT,3,NDABA,99.0,,13.0,,,G02_LECCE_ROMA,2,49.0,35.0,94.0,4.0,,,,,,,,,,,,
LECCE,OUT,50,PIEROTTI,75.0,,5.0,,,G02_LECCE_ROMA,2,38.0,22.0,75.0,3.0,,,,1.0,1.0,,,,,,,
LECCE,OUT,69,GEUBBELS,57.0,,4.0,,,G02_LECCE_ROMA,2,19.0,7.0,63.0,1.0,,,,2.0,1.0,,,,1.0,,,
LECCE,OUT,7,FATAH,24.0,,2.0,,,G02_LECCE_ROMA,2,11.0,2.0,66.0,,1.0,,1.0,,,,,,,,,
LECCE,OUT,9,ŠTULIĆ,42.0,,6.0,,,G02_LECCE_ROMA,2,15.0,10.0,90.0,,,,1.0,,,,,,,,,
LECCE,OUT,11,N'DRI,51.0,,6.0,,,G02_LECCE_ROMA,2,23.0,6.0,54.0,,,,,2.0,,,,,,,,
LECCE,OUT,14,MALEH,51.0,,14.0,,,G02_LECCE_ROMA,2,33.0,24.0,96.0,2.0,1.0,,,1.0,,,,,,,,
LECCE,OUT,20,ILIĆ,24.0,,8.0,,,G02_LECCE_ROMA,2,22.0,17.0,85.0,,1.0,1.0,,,,,,,,,,
ROMA,GK,99,SVILAR,99.0,,2.0,,8.0,G02_LECCE_ROMA,2,,,,,,,,,,,,,,,,
ROMA,OUT,87,GHILARDI,99.0,,20.0,,,G02_LECCE_ROMA,2,85.0,58.0,93.0,6.0,,,1.0,,,,,,,,,
ROMA,OUT,23,MANCINI,99.0,,12.0,,,G02_LECCE_ROMA,2,83.0,66.0,95.0,9.0,,,2.0,,,,1.0,,,,,
ROMA,OUT,22,HERMOSO,99.0,,23.0,,,G02_LECCE_ROMA,2,113.0,86.0,92.0,8.0,,,1.0,,,,,,,,,
ROMA,OUT,77,LULLI,99.0,,32.0,,,G02_LECCE_ROMA,2,65.0,47.0,92.0,3.0,2.0,,,,,,,,,,,
ROMA,OUT,4,CRISTANTE,99.0,,28.0,,,G02_LECCE_ROMA,2,90.0,66.0,89.0,10.0,,,1.0,,,,,,,,,
ROMA,OUT,17,M. KONÉ,70.0,,25.0,,,G02_LECCE_ROMA,2,66.0,50.0,90.0,4.0,3.0,,,,,,,,,,,
ROMA,OUT,43,WESLEY,63.0,,18.0,,,G02_LECCE_ROMA,2,57.0,36.0,94.0,6.0,,,2.0,1.0,,,1.0,,,,,
ROMA,OUT,18,SOULÉ,63.0,,26.0,,,G02_LECCE_ROMA,2,54.0,36.0,81.0,,1.0,,1.0,4.0,3.0,1.0,,,,,,
ROMA,OUT,21,DYBALA,87.0,,49.0,,,G02_LECCE_ROMA,2,81.0,63.0,87.0,,3.0,,,3.0,1.0,,,,1.0,,,
ROMA,OUT,14,MALEN,70.0,,9.0,,,G02_LECCE_ROMA,2,28.0,15.0,83.0,1.0,1.0,1.0,,5.0,3.0,2.0,,,3.0,,,
ROMA,OUT,9,CASTRO,29.0,,2.0,,,G02_LECCE_ROMA,2,7.0,3.0,75.0,,,,,1.0,,,,,,,,
ROMA,OUT,15,DE ROON,12.0,,1.0,,,G02_LECCE_ROMA,2,18.0,10.0,76.0,2.0,,,,,,,,,,,,
ROMA,OUT,20,MOLINA,36.0,,6.0,,,G02_LECCE_ROMA,2,32.0,20.0,83.0,2.0,,,,,,,,,,,,
ROMA,OUT,61,PISILLI,29.0,,5.0,,,G02_LECCE_ROMA,2,28.0,22.0,91.0,1.0,,,,,,,,,,,,
ROMA,OUT,86,RODRIGO MORA,36.0,,10.0,,,G02_LECCE_ROMA,2,27.0,18.0,81.0,2.0,,,1.0,1.0,1.0,1.0,,,,,,
NAPOLI,GK,1,MERET,102.0,2.0,5.0,2.0,7.0,G02_NAPOLI_COMO,2,,,,,,,,,,,,,,,,
NAPOLI,OUT,22,DI LORENZO,102.0,,20.0,,,G02_NAPOLI_COMO,2,57.0,41.0,89.0,2.0,,1.0,,1.0,,,,,,,,
NAPOLI,OUT,13,AM. RRAHMANI,102.0,,35.0,,,G02_NAPOLI_COMO,2,97.0,67.0,88.0,7.0,1.0,,,,,,1.0,,,,,
NAPOLI,OUT,16,RAFA MARÍN,102.0,,27.0,,,G02_NAPOLI_COMO,2,77.0,63.0,96.0,6.0,,,1.0,,,,,,,,,
NAPOLI,OUT,17,OLIVERA,60.0,,8.0,,,G02_NAPOLI_COMO,2,40.0,24.0,77.0,8.0,,,,2.0,,,,,,,,
NAPOLI,OUT,99,ANGUISSA,85.0,,10.0,,,G02_NAPOLI_COMO,2,41.0,23.0,82.0,3.0,,,1.0,1.0,,,,,,,,
NAPOLI,OUT,68,LOBOTKA,102.0,,25.0,,,G02_NAPOLI_COMO,2,62.0,47.0,88.0,2.0,,,2.0,,,,,,,,,
NAPOLI,OUT,8,MCTOMINAY,60.0,,6.0,,,G02_NAPOLI_COMO,2,17.0,13.0,81.0,,,,,1.0,,,,,,,,
NAPOLI,OUT,21,POLITANO,102.0,,18.0,,,G02_NAPOLI_COMO,2,42.0,26.0,86.0,1.0,2.0,,,,,,,,,,,
NAPOLI,OUT,19,HØJLUND,85.0,,6.0,,,G02_NAPOLI_COMO,2,15.0,8.0,80.0,1.0,,,,1.0,1.0,1.0,,,,,,
NAPOLI,OUT,70,LANG,60.0,,8.0,,,G02_NAPOLI_COMO,2,27.0,12.0,85.0,2.0,,,,1.0,,,,,1.0,,,
NAPOLI,OUT,7,NERES,17.0,,2.0,,,G02_NAPOLI_COMO,2,6.0,3.0,75.0,,,,,1.0,,,,,,,,
NAPOLI,OUT,11,DE BRUYNE,42.0,,12.0,,,G02_NAPOLI_COMO,2,32.0,16.0,64.0,,4.0,,,1.0,,,,,,,,
NAPOLI,OUT,20,LUCCA,17.0,,1.0,,,G02_NAPOLI_COMO,2,4.0,1.0,100.0,,1.0,,,1.0,1.0,,,,,,,
NAPOLI,OUT,27,ALISSON,42.0,,10.0,,,G02_NAPOLI_COMO,2,18.0,10.0,83.0,,,,,2.0,,,,,,,,
NAPOLI,OUT,37,SPINAZZOLA,42.0,,16.0,,,G02_NAPOLI_COMO,2,37.0,26.0,83.0,3.0,,,,,,,,,,,,
COMO,GK,1,BUTEZ,102.0,1.0,1.0,2.0,22.0,G02_NAPOLI_COMO,2,,,,,,,,,,,,,,,,
COMO,OUT,27,YAN COUTO,63.0,,34.0,,,G02_NAPOLI_COMO,2,69.0,57.0,95.0,5.0,,,,,,,,,,,,
COMO,OUT,99,CHALOBAH,102.0,,13.0,,,G02_NAPOLI_COMO,2,67.0,53.0,96.0,4.0,1.0,,,,,,,,,,,
COMO,OUT,4,RAMÓN,102.0,,22.0,,,G02_NAPOLI_COMO,2,108.0,86.0,97.0,6.0,1.0,,,1.0,,,,,,,,
COMO,OUT,3,ÁLEX VALLE,102.0,,30.0,,,G02_NAPOLI_COMO,2,68.0,47.0,92.0,4.0,3.0,,,2.0,,,,,,,,
COMO,OUT,7,DA CUNHA,70.0,,34.0,,,G02_NAPOLI_COMO,2,68.0,60.0,98.0,1.0,2.0,,,3.0,,,,,,,,
COMO,OUT,6,MILLA,102.0,,49.0,,,G02_NAPOLI_COMO,2,101.0,79.0,97.0,7.0,2.0,,,,,,,,,,,
COMO,OUT,11,DIAO,70.0,,28.0,,,G02_NAPOLI_COMO,2,52.0,30.0,83.0,2.0,2.0,,,2.0,1.0,,1.0,,,,,
COMO,OUT,10,NICO PAZ,86.0,,34.0,,,G02_NAPOLI_COMO,2,73.0,49.0,90.0,2.0,2.0,,1.0,6.0,1.0,,,,1.0,,,
COMO,OUT,20,BATURINA,63.0,,24.0,,,G02_NAPOLI_COMO,2,42.0,31.0,91.0,4.0,1.0,,1.0,4.0,2.0,1.0,,,,,,
COMO,OUT,9,DOUVIKAS,102.0,,9.0,,,G02_NAPOLI_COMO,2,23.0,11.0,78.0,,2.0,,5.0,3.0,2.0,1.0,,,,,,
COMO,OUT,2,KEMPF,32.0,,,,,G02_NAPOLI_COMO,2,10.0,4.0,80.0,,,,1.0,,,,,,,,,
COMO,OUT,5,PERRONE,32.0,,7.0,,,G02_NAPOLI_COMO,2,20.0,18.0,100.0,,1.0,,,,,,,,,,,
COMO,OUT,8,CAQUERET,40.0,,8.0,,,G02_NAPOLI_COMO,2,31.0,17.0,89.0,3.0,1.0,,,,,,,,,,,
COMO,OUT,16,KAIKI,16.0,,,,,G02_NAPOLI_COMO,2,5.0,1.0,100.0,,1.0,,,1.0,1.0,,,,,,,
COMO,OUT,28,SMOLČIĆ,40.0,,1.0,,,G02_NAPOLI_COMO,2,18.0,7.0,77.0,2.0,,,1.0,,,,,,,,,
ATALANTA,GK,29,CARNESECCHI,99.0,,3.0,,23.0,G02_ATALANTA_BOLOGNA,2,,,,,,,,,,,,,,,,
ATALANTA,OUT,77,ZAPPACOSTA,99.0,,30.0,,,G02_ATALANTA_BOLOGNA,2,57.0,48.0,96.0,2.0,,,,,,,,,,,,
ATALANTA,OUT,3,KOSSOUNOU,99.0,,10.0,,,G02_ATALANTA_BOLOGNA,2,71.0,60.0,98.0,4.0,,,1.0,,,,,,,,,
ATALANTA,OUT,42,SCALVINI,99.0,,4.0,,,G02_ATALANTA_BOLOGNA,2,68.0,53.0,94.0,5.0,,,1.0,,,,,,,,,
ATALANTA,OUT,23,KOLAŠINAC,79.0,,6.0,,,G02_ATALANTA_BOLOGNA,2,49.0,31.0,73.0,3.0,,,1.0,,,,,,,,,
ATALANTA,OUT,8,PAŠALIĆ,99.0,,29.0,,,G02_ATALANTA_BOLOGNA,2,65.0,51.0,89.0,2.0,2.0,,,,,,,,,,,
ATALANTA,OUT,70,GAETANO,99.0,,18.0,,,G02_ATALANTA_BOLOGNA,2,64.0,53.0,91.0,1.0,,,1.0,,,,,,,,,
ATALANTA,OUT,13,ÉDERSON,69.0,,9.0,,,G02_ATALANTA_BOLOGNA,2,35.0,28.0,93.0,,,,2.0,,,,,,,,,
ATALANTA,OUT,17,DE KETELAERE,57.0,,4.0,,,G02_ATALANTA_BOLOGNA,2,23.0,7.0,43.0,2.0,1.0,,2.0,,,,,,,,,
ATALANTA,OUT,9,SCAMACCA,69.0,,10.0,,,G02_ATALANTA_BOLOGNA,2,24.0,13.0,72.0,,1.0,,3.0,1.0,1.0,,,,,,,
ATALANTA,OUT,18,RASPADORI,57.0,,5.0,,,G02_ATALANTA_BOLOGNA,2,16.0,9.0,69.0,1.0,,,,2.0,,,,,,,,
ATALANTA,OUT,10,SAMARDŽIĆ,30.0,,10.0,,,G02_ATALANTA_BOLOGNA,2,18.0,11.0,84.0,1.0,,,,1.0,1.0,1.0,,,,,,
ATALANTA,OUT,16,BELLANOVA,20.0,,8.0,,,G02_ATALANTA_BOLOGNA,2,17.0,13.0,100.0,,,,1.0,,,,,,,,,
ATALANTA,OUT,59,ZALEWSKI,43.0,,12.0,,,G02_ATALANTA_BOLOGNA,2,23.0,12.0,85.0,2.0,1.0,,1.0,2.0,,,1.0,,,,,
ATALANTA,OUT,90,KRSTOVIĆ,30.0,,4.0,,,G02_ATALANTA_BOLOGNA,2,11.0,5.0,50.0,,1.0,1.0,,,,,,,,,,
ATALANTA,OUT,99,ELMAS,43.0,,6.0,,,G02_ATALANTA_BOLOGNA,2,11.0,7.0,70.0,,,,,,,,,,,,,
BOLOGNA,GK,1,SKORUPSKI,99.0,1.0,1.0,,5.0,G02_ATALANTA_BOLOGNA,2,,,,,,,,,,,,,,,,
BOLOGNA,OUT,2,HOLM,73.0,,11.0,,,G02_ATALANTA_BOLOGNA,2,60.0,45.0,95.0,5.0,1.0,,,1.0,,,,,,,,
BOLOGNA,OUT,5,HELLAND,99.0,,5.0,,,G02_ATALANTA_BOLOGNA,2,117.0,90.0,95.0,5.0,,,1.0,,,,,,,,,
BOLOGNA,OUT,14,HEGGEM,99.0,,11.0,,,G02_ATALANTA_BOLOGNA,2,136.0,119.0,95.0,4.0,1.0,,1.0,,,,,,,,,
BOLOGNA,OUT,23,ALHASSANE,99.0,,49.0,,,G02_ATALANTA_BOLOGNA,2,98.0,78.0,88.0,3.0,3.0,,1.0,,,,,,,,,
BOLOGNA,OUT,19,L. FERGUSON,99.0,,37.0,,,G02_ATALANTA_BOLOGNA,2,136.0,112.0,93.0,6.0,2.0,,,,,,,,,,,
BOLOGNA,OUT,4,POBEGA,73.0,,19.0,,,G02_ATALANTA_BOLOGNA,2,57.0,43.0,87.0,3.0,1.0,,,1.0,,,,,,,,
BOLOGNA,OUT,10,BERNARDESCHI,99.0,,21.0,,,G02_ATALANTA_BOLOGNA,2,54.0,40.0,88.0,1.0,1.0,,,2.0,1.0,,,,,,,
BOLOGNA,OUT,21,ODGAARD,61.0,,11.0,,,G02_ATALANTA_BOLOGNA,2,22.0,15.0,88.0,,2.0,,3.0,2.0,,,,,,,,
BOLOGNA,OUT,28,CAMBIAGHI,99.0,,30.0,,,G02_ATALANTA_BOLOGNA,2,53.0,36.0,90.0,1.0,1.0,,3.0,3.0,1.0,,,1.0,,,,
BOLOGNA,OUT,91,PICCOLI,61.0,,2.0,,,G02_ATALANTA_BOLOGNA,2,10.0,5.0,100.0,,,,,3.0,1.0,,,,1.0,,,
BOLOGNA,OUT,6,N. MORO,18.0,,2.0,,,G02_ATALANTA_BOLOGNA,2,11.0,9.0,90.0,,,,,,,,,,,,,
BOLOGNA,OUT,7,ORSOLINI,21.0,,2.0,,,G02_ATALANTA_BOLOGNA,2,4.0,3.0,75.0,,,,,,,,,,,,,
BOLOGNA,OUT,8,AMONDARAIN,26.0,,2.0,,,G02_ATALANTA_BOLOGNA,2,10.0,5.0,71.0,,,,1.0,1.0,,,,,,,,
BOLOGNA,OUT,9,DOVBYK,38.0,,3.0,,,G02_ATALANTA_BOLOGNA,2,10.0,3.0,100.0,,,,,2.0,,,,,,,,
BOLOGNA,OUT,20,ZORTEA,26.0,,2.0,,,G02_ATALANTA_BOLOGNA,2,20.0,13.0,92.0,1.0,,,,,,,,,,,,
MILAN,GK,16,MAIGNAN,98.0,,2.0,,9.0,G02_MILAN_VENEZIA,2,,,,,,,,,,,,,,,,
MILAN,OUT,34,GILA,91.0,,18.0,,,G02_MILAN_VENEZIA,2,69.0,52.0,89.0,5.0,1.0,,,,,,,,,,,
MILAN,OUT,5,DE WINTER,98.0,,4.0,,,G02_MILAN_VENEZIA,2,55.0,30.0,90.0,4.0,,,,2.0,,,,,,,,
MILAN,OUT,31,PAVLOVIĆ,98.0,,13.0,,,G02_MILAN_VENEZIA,2,66.0,46.0,95.0,10.0,,1.0,1.0,1.0,,,,,,,,
MILAN,OUT,21,CHUKWUEZE,98.0,,15.0,,,G02_MILAN_VENEZIA,2,48.0,27.0,79.0,3.0,2.0,,,1.0,1.0,,,,,,,
MILAN,OUT,80,MUSAH,98.0,,23.0,,,G02_MILAN_VENEZIA,2,59.0,45.0,93.0,5.0,1.0,,3.0,1.0,,,,1.0,1.0,,,
MILAN,OUT,14,MODRIĆ,78.0,,24.0,,,G02_MILAN_VENEZIA,2,71.0,59.0,90.0,4.0,2.0,,1.0,,,,,,,,,
MILAN,OUT,33,BARTESAGHI,91.0,,20.0,,,G02_MILAN_VENEZIA,2,66.0,42.0,84.0,4.0,1.0,,1.0,,,,,,,,,
MILAN,OUT,8,LOFTUS-CHEEK,63.0,,18.0,,,G02_MILAN_VENEZIA,2,35.0,28.0,96.0,1.0,3.0,,1.0,,,,,,,,,
MILAN,OUT,70,CISSE,63.0,,8.0,,,G02_MILAN_VENEZIA,2,39.0,22.0,73.0,1.0,,,1.0,1.0,,,,,,,,
MILAN,OUT,9,GONÇALO RAMOS,98.0,,10.0,,,G02_MILAN_VENEZIA,2,47.0,22.0,78.0,,,,2.0,8.0,3.0,1.0,,,2.0,,,
MILAN,OUT,2,ESTUPIÑÁN,8.0,,2.0,,,G02_MILAN_VENEZIA,2,6.0,3.0,75.0,1.0,,,,,,,,,,,,
MILAN,OUT,12,RABIOT,36.0,,14.0,,,G02_MILAN_VENEZIA,2,25.0,19.0,90.0,,,,1.0,1.0,,,,,,,,
MILAN,OUT,30,JASHARI,21.0,,7.0,,,G02_MILAN_VENEZIA,2,18.0,14.0,87.0,,,,,1.0,1.0,,,,1.0,,,
MILAN,OUT,46,GABBIA,8.0,,,,,G02_MILAN_VENEZIA,2,2.0,,50.0,,,,,,,,,,,,,
MILAN,OUT,56,SAELEMAEKERS,36.0,,16.0,,,G02_MILAN_VENEZIA,2,30.0,24.0,96.0,1.0,3.0,,,,,,1.0,,,,,
VENEZIA,GK,1,F. STANKOVIĆ,98.0,2.0,4.0,2.0,17.0,G02_MILAN_VENEZIA,2,,,,,,,,,,,,,,,,
VENEZIA,OUT,3,SCHINGTIENNE,98.0,,12.0,,,G02_MILAN_VENEZIA,2,48.0,27.0,79.0,4.0,,1.0,,,,,,,,,,
VENEZIA,OUT,17,BELLA-KOTCHAP,98.0,,13.0,,,G02_MILAN_VENEZIA,2,64.0,38.0,90.0,9.0,,,2.0,1.0,,,,,,,,
VENEZIA,OUT,4,FRANJIĆ,48.0,,7.0,,,G02_MILAN_VENEZIA,2,21.0,15.0,88.0,4.0,,,1.0,,,,,,,,,
VENEZIA,OUT,18,HAINAUT,98.0,,18.0,,,G02_MILAN_VENEZIA,2,63.0,37.0,84.0,5.0,1.0,,1.0,1.0,,,,,,,,
VENEZIA,OUT,71,KIKE PÉREZ,84.0,,20.0,,,G02_MILAN_VENEZIA,2,50.0,34.0,85.0,2.0,,1.0,1.0,,,,,,,,,
VENEZIA,OUT,6,BUSIO,98.0,,21.0,,,G02_MILAN_VENEZIA,2,52.0,35.0,92.0,2.0,1.0,,1.0,,,,,,,,,
VENEZIA,OUT,26,BAŠIĆ,69.0,,17.0,,,G02_MILAN_VENEZIA,2,32.0,20.0,83.0,1.0,,,,,,,,,,,,
VENEZIA,OUT,5,HAPS,69.0,,9.0,,,G02_MILAN_VENEZIA,2,26.0,15.0,93.0,2.0,1.0,1.0,,,,,,,,,,
VENEZIA,OUT,45,A. ADAMS,98.0,,4.0,,,G02_MILAN_VENEZIA,2,19.0,6.0,60.0,2.0,1.0,,1.0,3.0,1.0,,,,,,,
VENEZIA,OUT,10,YEBOAH,84.0,,13.0,,,G02_MILAN_VENEZIA,2,33.0,22.0,91.0,,2.0,,1.0,3.0,1.0,,,,,,,
VENEZIA,OUT,7,AL. RRAHMANI,15.0,,1.0,,,G02_MILAN_VENEZIA,2,6.0,1.0,25.0,,,,,1.0,,,,,,,,
VENEZIA,OUT,14,CORREIA,30.0,,5.0,,,G02_MILAN_VENEZIA,2,16.0,7.0,63.0,2.0,,,,,,,,,,,,
VENEZIA,OUT,19,SOHM,30.0,,4.0,,,G02_MILAN_VENEZIA,2,12.0,7.0,70.0,1.0,,,,,,,,,,,,
VENEZIA,OUT,25,HALHAL,51.0,,11.0,,,G02_MILAN_VENEZIA,2,40.0,27.0,100.0,4.0,,,,,,,,,,,,1.0
VENEZIA,OUT,29,LAUBERBACH,15.0,,1.0,,,G02_MILAN_VENEZIA,2,8.0,1.0,20.0,1.0,,,,,,,,,,,,
LAZIO,GK,35,MANDAS,101.0,,1.0,,18.0,G02_LAZIO_GENOA,2,,,,,,,,,,,,,,,,
LAZIO,OUT,15,FLORIANI M.,84.0,,20.0,,,G02_LAZIO_GENOA,2,69.0,48.0,87.0,5.0,,,1.0,,,,,,,,,
LAZIO,OUT,5,DOEKHI,101.0,,3.0,,,G02_LAZIO_GENOA,2,54.0,34.0,91.0,3.0,,,,2.0,,,,,1.0,,,
LAZIO,OUT,25,PROVSTGAARD,101.0,,16.0,,,G02_LAZIO_GENOA,2,62.0,46.0,93.0,2.0,,,,,,,,,,,,
LAZIO,OUT,17,NUNO TAVARES,67.0,,30.0,,,G02_LAZIO_GENOA,2,71.0,50.0,92.0,2.0,2.0,,,5.0,1.0,,1.0,1.0,1.0,,,
LAZIO,OUT,16,FRATTESI,101.0,,10.0,,,G02_LAZIO_GENOA,2,35.0,15.0,65.0,4.0,2.0,,,2.0,1.0,1.0,,,1.0,,,
LAZIO,OUT,6,ROVELLA,37.0,,24.0,,,G02_LAZIO_GENOA,2,40.0,36.0,100.0,2.0,1.0,,,,,,,,,,,
LAZIO,OUT,24,TAYLOR,101.0,,41.0,,,G02_LAZIO_GENOA,2,63.0,51.0,89.0,4.0,2.0,,1.0,,,,,,,,,
LAZIO,OUT,22,CANCELLIERI,67.0,,12.0,,,G02_LAZIO_GENOA,2,33.0,18.0,78.0,1.0,,,,1.0,,,,,,,,
LAZIO,OUT,19,DIA,84.0,,11.0,,,G02_LAZIO_GENOA,2,25.0,17.0,77.0,,,,,,,,,,,,,
LAZIO,OUT,10,ZACCAGNI,101.0,,30.0,,,G02_LAZIO_GENOA,2,59.0,37.0,88.0,,4.0,1.0,3.0,3.0,,,,,,,,
LAZIO,OUT,9,PINAMONTI,17.0,,2.0,,,G02_LAZIO_GENOA,2,6.0,2.0,66.0,,,,,1.0,,,,,,,,
LAZIO,OUT,11,ISAKSEN,34.0,,6.0,,,G02_LAZIO_GENOA,2,13.0,7.0,77.0,1.0,1.0,,,1.0,,,,,,,,
LAZIO,OUT,21,BELAHYANE,65.0,,17.0,,,G02_LAZIO_GENOA,2,37.0,29.0,96.0,6.0,1.0,,,,,,,,,,,
LAZIO,OUT,23,PEDRAZA,34.0,,6.0,,,G02_LAZIO_GENOA,2,18.0,10.0,100.0,,1.0,,1.0,,,,,,,,,
LAZIO,OUT,29,LAZZARI,17.0,,2.0,,,G02_LAZIO_GENOA,2,10.0,6.0,85.0,2.0,,,,,,,,,,,,
GENOA,GK,1,BIJLOW,101.0,1.0,1.0,,35.0,G02_LAZIO_GENOA,2,,,,,,,,,,,,,,,,
GENOA,OUT,27,MARCANDALLI,101.0,,16.0,,,G02_LAZIO_GENOA,2,63.0,45.0,88.0,3.0,,,1.0,,,,,,,,,
GENOA,OUT,5,ØSTIGÅRD,101.0,,13.0,,,G02_LAZIO_GENOA,2,108.0,85.0,92.0,7.0,,1.0,1.0,,,,,,,,,
GENOA,OUT,22,J. VÁSQUEZ,82.0,,16.0,,,G02_LAZIO_GENOA,2,82.0,68.0,90.0,3.0,,,1.0,,,,,,,,,
GENOA,OUT,15,NORTON-CUFFY,101.0,,16.0,,,G02_LAZIO_GENOA,2,53.0,35.0,89.0,3.0,2.0,,1.0,1.0,,,,,,,,
GENOA,OUT,32,FRENDRUP,101.0,,30.0,,,G02_LAZIO_GENOA,2,86.0,65.0,94.0,10.0,2.0,,1.0,1.0,1.0,,,,,,,
GENOA,OUT,97,SOW,62.0,,15.0,,,G02_LAZIO_GENOA,2,58.0,47.0,94.0,4.0,,,1.0,,,,,,,,,
GENOA,OUT,77,ELLERTSSON,101.0,,17.0,,,G02_LAZIO_GENOA,2,40.0,23.0,79.0,2.0,1.0,,1.0,,,,,,,,,
GENOA,OUT,8,BALDANZI,82.0,,10.0,,,G02_LAZIO_GENOA,2,41.0,29.0,82.0,,,,,,,,,,,,,
GENOA,OUT,9,VITINHA,68.0,,4.0,,,G02_LAZIO_GENOA,2,24.0,10.0,62.0,1.0,,,3.0,1.0,,,,,,,,
GENOA,OUT,29,LO. COLOMBO,101.0,,6.0,,,G02_LAZIO_GENOA,2,26.0,12.0,66.0,1.0,,,1.0,2.0,,,,,,,,
GENOA,OUT,4,AMORIM,19.0,,5.0,,,G02_LAZIO_GENOA,2,11.0,9.0,100.0,,,1.0,1.0,,,,,,,,,
GENOA,OUT,10,MESSIAS,39.0,,9.0,,,G02_LAZIO_GENOA,2,25.0,11.0,78.0,,1.0,,2.0,1.0,,,,,,,,
GENOA,OUT,11,MEICHTRY,19.0,,3.0,,,G02_LAZIO_GENOA,2,16.0,7.0,87.0,1.0,,,1.0,1.0,,,,,1.0,,,
GENOA,OUT,18,OSMAJIĆ,34.0,,1.0,,,G02_LAZIO_GENOA,2,5.0,1.0,100.0,,1.0,,3.0,1.0,,,,,,,,
CAGLIARI,GK,1,CAPRILE,98.0,1.0,5.0,,16.0,G02_CAGLIARI_INTER,2,,,,,,,,,,,,,,,,
CAGLIARI,OUT,2,ZÉ PEDRO,98.0,,17.0,,,G02_CAGLIARI_INTER,2,52.0,34.0,82.0,1.0,,,,,,,,,,,,
CAGLIARI,OUT,14,DEIOLA,86.0,,3.0,,,G02_CAGLIARI_INTER,2,40.0,23.0,79.0,1.0,,1.0,,,,,,,,,,
CAGLIARI,OUT,15,J. RODRÍGUEZ,98.0,,6.0,,,G02_CAGLIARI_INTER,2,78.0,54.0,93.0,8.0,1.0,,,1.0,,,,,,,,
CAGLIARI,OUT,33,OBERT,98.0,,14.0,,,G02_CAGLIARI_INTER,2,59.0,32.0,84.0,5.0,,,,1.0,,,,,,,,
CAGLIARI,OUT,4,A. ROMANO,98.0,,13.0,,,G02_CAGLIARI_INTER,2,63.0,35.0,87.0,9.0,2.0,,1.0,1.0,,,,,,,,
CAGLIARI,OUT,6,WINKS,59.0,,5.0,,,G02_CAGLIARI_INTER,2,23.0,14.0,82.0,5.0,,,,,,,,,,,,
CAGLIARI,OUT,70,MALDINI,80.0,,12.0,,,G02_CAGLIARI_INTER,2,26.0,15.0,88.0,1.0,,,2.0,1.0,,,,,,,,
CAGLIARI,OUT,8,ADOPO,98.0,,18.0,,,G02_CAGLIARI_INTER,2,42.0,31.0,83.0,3.0,3.0,,,1.0,,,,,,,,
CAGLIARI,OUT,10,FAZZINI,59.0,,4.0,,,G02_CAGLIARI_INTER,2,20.0,12.0,85.0,1.0,,,,1.0,,,,,,,,
CAGLIARI,OUT,31,MENDY,59.0,,4.0,,,G02_CAGLIARI_INTER,2,19.0,5.0,45.0,,,,,,,,,,,,,
CAGLIARI,OUT,9,KEVIN CARLOS,39.0,,,,,G02_CAGLIARI_INTER,2,8.0,2.0,66.0,1.0,,1.0,1.0,,,,,,,,,
CAGLIARI,OUT,20,CIERVO,13.0,,6.0,,,G02_CAGLIARI_INTER,2,13.0,9.0,90.0,1.0,,,,1.0,,,,,,,,
CAGLIARI,OUT,22,KOFLER,39.0,,3.0,,,G02_CAGLIARI_INTER,2,32.0,20.0,95.0,4.0,,,,,,,,,,,,
CAGLIARI,OUT,29,BORRELLI,18.0,,4.0,,,G02_CAGLIARI_INTER,2,8.0,4.0,100.0,,,,1.0,1.0,,,,,,,,
CAGLIARI,OUT,39,FADERA,39.0,,9.0,,,G02_CAGLIARI_INTER,2,26.0,11.0,78.0,,1.0,,,2.0,,,,,,,,
INTER,GK,1,J. MARTÍNEZ,98.0,,,3.0,8.0,G02_CAGLIARI_INTER,2,,,,,,,,,,,,,,,,
INTER,OUT,28,PAVARD,98.0,,33.0,,,G02_CAGLIARI_INTER,2,115.0,93.0,94.0,7.0,,,,1.0,,,,,,,,
INTER,OUT,25,AKANJI,70.0,,11.0,,,G02_CAGLIARI_INTER,2,73.0,60.0,98.0,7.0,,1.0,,1.0,,,,,,,,
INTER,OUT,95,BASTONI,98.0,,30.0,,,G02_CAGLIARI_INTER,2,122.0,99.0,90.0,3.0,3.0,,,2.0,,,,,1.0,,,
INTER,OUT,11,LUIS HENRIQUE,83.0,,39.0,,,G02_CAGLIARI_INTER,2,79.0,68.0,91.0,3.0,,,1.0,1.0,,,,,,,,
INTER,OUT,23,BARELLA,98.0,,38.0,,,G02_CAGLIARI_INTER,2,86.0,61.0,87.0,3.0,4.0,,,2.0,2.0,,1.0,,1.0,,,
INTER,OUT,20,ÇALHANOĞLU,67.0,,23.0,,,G02_CAGLIARI_INTER,2,74.0,56.0,88.0,5.0,2.0,,1.0,2.0,1.0,1.0,,,,,,
INTER,OUT,8,SUČIĆ,67.0,,22.0,,,G02_CAGLIARI_INTER,2,49.0,34.0,85.0,4.0,2.0,,1.0,,,,,,,,,
INTER,OUT,32,DIMARCO,98.0,,33.0,,,G02_CAGLIARI_INTER,2,73.0,52.0,91.0,5.0,5.0,,,2.0,1.0,,,,2.0,,,
INTER,OUT,94,P. ESPOSITO,67.0,,9.0,,,G02_CAGLIARI_INTER,2,26.0,10.0,58.0,,2.0,,1.0,3.0,2.0,,,,1.0,,,
INTER,OUT,10,L. MARTÍNEZ,98.0,,19.0,,,G02_CAGLIARI_INTER,2,59.0,26.0,76.0,3.0,2.0,,,10.0,1.0,,,,,,,
INTER,OUT,6,STONES,28.0,,1.0,,,G02_CAGLIARI_INTER,2,26.0,9.0,100.0,2.0,,,1.0,1.0,,,,,,,,
INTER,OUT,7,ZIELIŃSKI,31.0,,7.0,,,G02_CAGLIARI_INTER,2,16.0,14.0,100.0,1.0,1.0,,,1.0,,,,,,,,
INTER,OUT,9,M. THURAM,31.0,,5.0,,,G02_CAGLIARI_INTER,2,14.0,6.0,85.0,,,,,2.0,,,,,1.0,,,
INTER,OUT,21,JONES,31.0,,9.0,,,G02_CAGLIARI_INTER,2,21.0,15.0,93.0,1.0,,,1.0,1.0,,,,,,,,
INTER,OUT,31,BISSECK,15.0,,3.0,,,G02_CAGLIARI_INTER,2,7.0,4.0,100.0,,,,,,,,,,,,,
JUVENTUS,GK,25,VICARIO,100.0,,3.0,,5.0,G02_JUVENTUS_PARMA,2,,,,,,,,,,,,,,,,
JUVENTUS,OUT,15,KALULU,100.0,,52.0,,,G02_JUVENTUS_PARMA,2,86.0,69.0,90.0,1.0,2.0,,2.0,,,,,,,,,
JUVENTUS,OUT,3,BREMER,100.0,,22.0,,,G02_JUVENTUS_PARMA,2,70.0,48.0,92.0,4.0,,,,1.0,,,,,,,,
JUVENTUS,OUT,26,LUCUMÍ,80.0,,35.0,,,G02_JUVENTUS_PARMA,2,65.0,54.0,94.0,3.0,,1.0,,1.0,,,,,,,,
JUVENTUS,OUT,2,ÇELIK,100.0,,29.0,,,G02_JUVENTUS_PARMA,2,62.0,41.0,87.0,5.0,,,,,,,,,,,,
JUVENTUS,OUT,5,LOCATELLI,100.0,,64.0,,,G02_JUVENTUS_PARMA,2,108.0,93.0,96.0,5.0,4.0,1.0,2.0,,,,1.0,,,,,
JUVENTUS,OUT,12,DOUGLAS LUIZ,100.0,,57.0,,,G02_JUVENTUS_PARMA,2,93.0,67.0,95.0,6.0,1.0,,2.0,6.0,2.0,,,,,,,
JUVENTUS,OUT,7,CONCEIÇÃO,80.0,,33.0,,,G02_JUVENTUS_PARMA,2,68.0,39.0,95.0,,4.0,,1.0,2.0,,,,1.0,,,,
JUVENTUS,OUT,30,J. DAVID,62.0,,11.0,,,G02_JUVENTUS_PARMA,2,20.0,13.0,86.0,1.0,1.0,,,2.0,,,,,,,,
JUVENTUS,OUT,13,BOGA,62.0,,19.0,,,G02_JUVENTUS_PARMA,2,38.0,24.0,92.0,2.0,1.0,,,,,,,,,,,
JUVENTUS,OUT,9,KOLO MUANI,100.0,,19.0,,,G02_JUVENTUS_PARMA,2,44.0,21.0,84.0,3.0,,,3.0,4.0,1.0,,,,2.0,,,
JUVENTUS,OUT,6,KELLY,21.0,,1.0,,,G02_JUVENTUS_PARMA,2,10.0,8.0,100.0,,,,,,,,,,,,,
JUVENTUS,OUT,8,KOOPMEINERS,10.0,,1.0,,,G02_JUVENTUS_PARMA,2,3.0,1.0,100.0,,,,,1.0,1.0,1.0,,,,,,
JUVENTUS,OUT,17,ALAJBEGOVIĆ,39.0,,5.0,,,G02_JUVENTUS_PARMA,2,12.0,6.0,75.0,,,,,,,,,,,,,
JUVENTUS,OUT,20,CAMBIASO,11.0,,3.0,,,G02_JUVENTUS_PARMA,2,7.0,3.0,100.0,1.0,,,,,,,,,,,,
JUVENTUS,OUT,31,N. GONZÁLEZ,39.0,,7.0,,,G02_JUVENTUS_PARMA,2,26.0,14.0,87.0,2.0,1.0,,2.0,4.0,2.0,1.0,,1.0,,,,
PARMA,GK,40,CORVI,100.0,2.0,4.0,,13.0,G02_JUVENTUS_PARMA,2,,,,,,,,,,,,,,,,
PARMA,OUT,15,DELPRATO,100.0,,12.0,,,G02_JUVENTUS_PARMA,2,55.0,38.0,86.0,4.0,1.0,1.0,1.0,,,,,,,,,
PARMA,OUT,72,DROBNIC,100.0,,3.0,,,G02_JUVENTUS_PARMA,2,59.0,34.0,87.0,2.0,,,,,,,,,,,,
PARMA,OUT,37,TROILO,100.0,,8.0,,,G02_JUVENTUS_PARMA,2,75.0,64.0,94.0,2.0,,1.0,2.0,,,,,,,,,
PARMA,OUT,27,BRITSCHGI,88.0,,10.0,,,G02_JUVENTUS_PARMA,2,26.0,15.0,83.0,,,,1.0,,,,,,,,,
PARMA,OUT,10,BERNABÉ,85.0,,17.0,,,G02_JUVENTUS_PARMA,2,61.0,49.0,94.0,1.0,1.0,,3.0,,,,,,,,,
PARMA,OUT,16,KEITA,100.0,,18.0,,,G02_JUVENTUS_PARMA,2,52.0,40.0,97.0,2.0,,,3.0,,,,,,,,,
PARMA,OUT,32,ORDOÑEZ,66.0,,5.0,,,G02_JUVENTUS_PARMA,2,32.0,19.0,82.0,5.0,,,1.0,1.0,,,,,,,,
PARMA,OUT,14,VALERI,100.0,,10.0,,,G02_JUVENTUS_PARMA,2,44.0,23.0,76.0,1.0,,,,,,,,,,,,
PARMA,OUT,19,E. TOURÉ,85.0,,4.0,,,G02_JUVENTUS_PARMA,2,19.0,6.0,60.0,1.0,,,1.0,,,,,,,,,
PARMA,OUT,76,LONTANI,66.0,,2.0,,,G02_JUVENTUS_PARMA,2,21.0,9.0,69.0,1.0,,,3.0,,,,,,,,,
PARMA,OUT,8,CREMASCHI,35.0,,8.0,,,G02_JUVENTUS_PARMA,2,19.0,12.0,80.0,2.0,,,1.0,,,,,,,,,
PARMA,OUT,9,ROMERO,35.0,,2.0,,,G02_JUVENTUS_PARMA,2,14.0,2.0,50.0,,,,2.0,3.0,3.0,,,,,,,
PARMA,OUT,11,ALMQVIST,13.0,,5.0,,,G02_JUVENTUS_PARMA,2,6.0,5.0,100.0,,1.0,,,,,,,,,,,
PARMA,OUT,23,ELPHEGE,16.0,,,,,G02_JUVENTUS_PARMA,2,1.0,1.0,100.0,,,,,,,,,,,,,
PARMA,OUT,47,KONATÉ,16.0,,2.0,,,G02_JUVENTUS_PARMA,2,17.0,11.0,84.0,1.0,,1.0,,,,,,,,,,
MONZA,GK,20,THIAM,98.0,3.0,2.0,1.0,23.0,G02_MONZA_UDINESE,2,,,,,,,,,,,,,,,,
MONZA,OUT,60,KOUADIO,98.0,,8.0,,,G02_MONZA_UDINESE,2,66.0,45.0,83.0,7.0,1.0,,,,,,,,,,,
MONZA,OUT,3,LUCCHESI,64.0,,4.0,,,G02_MONZA_UDINESE,2,44.0,29.0,96.0,4.0,,1.0,,,,,,,,,,
MONZA,OUT,44,A. CARBONI,98.0,,19.0,,,G02_MONZA_UDINESE,2,79.0,48.0,87.0,6.0,,,,2.0,1.0,,,,,,,
MONZA,OUT,19,BIRINDELLI,87.0,,9.0,,,G02_MONZA_UDINESE,2,50.0,24.0,77.0,6.0,,,,1.0,1.0,,,,,,,
MONZA,OUT,8,FOE-ONDOA,57.0,,10.0,,,G02_MONZA_UDINESE,2,27.0,18.0,94.0,4.0,1.0,,,2.0,1.0,,,,,,,
MONZA,OUT,80,MOUT,57.0,,8.0,,,G02_MONZA_UDINESE,2,38.0,21.0,67.0,4.0,,,1.0,,,,,,,,,
MONZA,OUT,7,MANGAS,98.0,,27.0,,,G02_MONZA_UDINESE,2,63.0,36.0,72.0,2.0,4.0,,1.0,,,,1.0,,,,,
MONZA,OUT,28,COLPANI,87.0,,12.0,,,G02_MONZA_UDINESE,2,28.0,15.0,83.0,1.0,2.0,,1.0,2.0,1.0,1.0,,,1.0,,,
MONZA,OUT,10,CUTRONE,98.0,,11.0,,,G02_MONZA_UDINESE,2,34.0,15.0,88.0,2.0,2.0,,3.0,1.0,,,,,1.0,,,
MONZA,OUT,9,VARELA,98.0,,6.0,,,G02_MONZA_UDINESE,2,24.0,10.0,62.0,,,,,3.0,1.0,1.0,,,1.0,,,
MONZA,OUT,11,FORSON,11.0,,7.0,,,G02_MONZA_UDINESE,2,11.0,7.0,100.0,,,,,,,,,,,,,
MONZA,OUT,14,AKINSANMIRO,41.0,,20.0,,,G02_MONZA_UDINESE,2,35.0,31.0,96.0,1.0,1.0,,1.0,,,,1.0,,,,,
MONZA,OUT,15,DELLI CARRI,34.0,,8.0,,,G02_MONZA_UDINESE,2,35.0,27.0,93.0,2.0,,,,,,,,,,,,
MONZA,OUT,47,DANY MOTA,11.0,,4.0,,,G02_MONZA_UDINESE,2,6.0,4.0,100.0,,1.0,,,1.0,,,,,,,,
MONZA,OUT,90,FOLORUNSHO,41.0,,20.0,,,G02_MONZA_UDINESE,2,39.0,27.0,84.0,1.0,,,4.0,2.0,,,,,,,,
UDINESE,GK,40,OKOYE,98.0,2.0,4.0,1.0,28.0,G02_MONZA_UDINESE,2,,,,,,,,,,,,,,,,
UDINESE,OUT,14,ABANKWAH,98.0,,10.0,,,G02_MONZA_UDINESE,2,50.0,26.0,89.0,4.0,,,1.0,,,,,,,,,
UDINESE,OUT,77,EBOSSE,71.0,,16.0,,,G02_MONZA_UDINESE,2,58.0,46.0,93.0,5.0,1.0,,,,,,,,,,,
UDINESE,OUT,28,SOLET,98.0,,15.0,,,G02_MONZA_UDINESE,2,66.0,46.0,95.0,9.0,1.0,,1.0,,,,,,,,,
UDINESE,OUT,23,VOJVODA,88.0,,29.0,,,G02_MONZA_UDINESE,2,72.0,54.0,88.0,8.0,2.0,,,,,,,,,,,
UDINESE,OUT,8,KARLSTRÖM,98.0,,18.0,,,G02_MONZA_UDINESE,2,45.0,32.0,91.0,3.0,,,1.0,,,,,,,,,
UDINESE,OUT,24,PIOTROWSKI,63.0,,15.0,,,G02_MONZA_UDINESE,2,44.0,27.0,87.0,3.0,1.0,,,3.0,1.0,1.0,,,1.0,,,
UDINESE,OUT,11,KAMARA,98.0,,22.0,,,G02_MONZA_UDINESE,2,55.0,33.0,82.0,4.0,1.0,,,1.0,1.0,1.0,1.0,,,,,
UDINESE,OUT,46,UNAI GÓMEZ,63.0,,7.0,,,G02_MONZA_UDINESE,2,26.0,11.0,68.0,2.0,1.0,,1.0,2.0,1.0,,,,,,,
UDINESE,OUT,32,EKKELENKAMP,98.0,,11.0,,,G02_MONZA_UDINESE,2,40.0,21.0,80.0,2.0,,,2.0,3.0,2.0,1.0,,,,,,
UDINESE,OUT,9,DAVIS,71.0,,11.0,,,G02_MONZA_UDINESE,2,30.0,17.0,85.0,,2.0,,,2.0,,,,,,,,
UDINESE,OUT,6,ZARRAGA,35.0,,6.0,,,G02_MONZA_UDINESE,2,12.0,7.0,100.0,,,,1.0,,,,,,,,,
UDINESE,OUT,7,GUEYE,28.0,,2.0,,,G02_MONZA_UDINESE,2,13.0,2.0,33.0,,,,2.0,1.0,,,,,,,,
UDINESE,OUT,13,BERTOLA,28.0,,2.0,,,G02_MONZA_UDINESE,2,9.0,4.0,66.0,1.0,,,,,,,,,,,,
UDINESE,OUT,20,ARIZALA,10.0,,,,,G02_MONZA_UDINESE,2,3.0,1.0,100.0,1.0,,,,,,,,,,,,
UDINESE,OUT,38,MILLER,35.0,,5.0,,,G02_MONZA_UDINESE,2,15.0,6.0,85.0,,,,,,,,,,,,,
FIORENTINA,GK,43,DE GEA,99.0,3.0,3.0,,23.0,G02_FIORENTINA_FROSINONE,2,,,,,,,,,,,,,,,,
FIORENTINA,OUT,20,JIMÉNEZ,87.0,,15.0,,,G02_FIORENTINA_FROSINONE,2,51.0,30.0,90.0,1.0,2.0,1.0,1.0,2.0,,,,,,,,
FIORENTINA,OUT,3,DRĂGUȘIN,99.0,,3.0,,,G02_FIORENTINA_FROSINONE,2,52.0,29.0,82.0,5.0,,1.0,1.0,,,,,,,,,
FIORENTINA,OUT,5,PONGRAČIĆ,64.0,,2.0,,,G02_FIORENTINA_FROSINONE,2,50.0,36.0,94.0,5.0,,,,,,,,,,,,
FIORENTINA,OUT,21,VALDEPEÑAS,99.0,,16.0,,,G02_FIORENTINA_FROSINONE,2,83.0,41.0,70.0,5.0,2.0,,2.0,1.0,,,,1.0,1.0,,,
FIORENTINA,OUT,27,NDOUR,64.0,,19.0,,,G02_FIORENTINA_FROSINONE,2,31.0,24.0,96.0,2.0,2.0,,1.0,2.0,,,,,,,,
FIORENTINA,OUT,42,OULAÏ,74.0,,17.0,,,G02_FIORENTINA_FROSINONE,2,48.0,31.0,91.0,7.0,2.0,,4.0,,,,,,,,,
FIORENTINA,OUT,14,ATTA,99.0,,29.0,,,G02_FIORENTINA_FROSINONE,2,69.0,45.0,88.0,4.0,,,1.0,4.0,1.0,,,,1.0,,,
FIORENTINA,OUT,30,MASTANTUONO,99.0,,25.0,,,G02_FIORENTINA_FROSINONE,2,51.0,30.0,90.0,1.0,2.0,,2.0,7.0,1.0,,,1.0,,,,
FIORENTINA,OUT,32,PELLEGRINO,99.0,,15.0,,,G02_FIORENTINA_FROSINONE,2,42.0,20.0,76.0,,3.0,,4.0,3.0,,,,,,,,
FIORENTINA,OUT,11,GUÐMUNDSSON,74.0,,10.0,,,G02_FIORENTINA_FROSINONE,2,29.0,13.0,81.0,,4.0,1.0,1.0,4.0,1.0,,,,1.0,,,
FIORENTINA,OUT,4,BRESCIANINI,25.0,,9.0,,,G02_FIORENTINA_FROSINONE,2,19.0,13.0,92.0,1.0,,,,,,,,,,,,
FIORENTINA,OUT,8,MANDRAGORA,25.0,,2.0,,,G02_FIORENTINA_FROSINONE,2,12.0,7.0,100.0,3.0,,,1.0,1.0,1.0,,,,,,,
FIORENTINA,OUT,17,JOÃO MÁRIO,12.0,,5.0,,,G02_FIORENTINA_FROSINONE,2,12.0,10.0,100.0,5.0,,,2.0,,,,,,,,,
FIORENTINA,OUT,33,VIERY,35.0,,2.0,,,G02_FIORENTINA_FROSINONE,2,21.0,14.0,93.0,3.0,,,,,,,,,,,,
FIORENTINA,OUT,44,FAGIOLI,35.0,,9.0,,,G02_FIORENTINA_FROSINONE,2,25.0,15.0,83.0,1.0,1.0,,,1.0,,,,,,,,
FROSINONE,GK,22,PALMISANI,99.0,,4.0,3.0,20.0,G02_FIORENTINA_FROSINONE,2,,,,,,,,,,,,,,,,
FROSINONE,OUT,20,A. OYONO,99.0,,6.0,,,G02_FIORENTINA_FROSINONE,2,57.0,23.0,76.0,6.0,,,4.0,2.0,1.0,,,,,,,
FROSINONE,OUT,3,CALVANI,77.0,,1.0,,,G02_FIORENTINA_FROSINONE,2,34.0,13.0,81.0,3.0,,1.0,,,,,,,,,,
FROSINONE,OUT,30,MONTERISI,99.0,,,,,G02_FIORENTINA_FROSINONE,2,44.0,8.0,72.0,4.0,,,1.0,2.0,1.0,,,,1.0,,,
FROSINONE,OUT,79,BRACAGLIA,77.0,,8.0,,,G02_FIORENTINA_FROSINONE,2,35.0,11.0,68.0,4.0,2.0,1.0,,2.0,2.0,1.0,1.0,,,,,
FROSINONE,OUT,73,MASINI,99.0,,8.0,,,G02_FIORENTINA_FROSINONE,2,56.0,27.0,87.0,9.0,,,1.0,,,,,,,,,
FROSINONE,OUT,14,CALÒ,85.0,,15.0,,,G02_FIORENTINA_FROSINONE,2,57.0,31.0,81.0,6.0,4.0,,2.0,,,,1.0,,,,,
FROSINONE,OUT,10,SCHMID,99.0,,16.0,,,G02_FIORENTINA_FROSINONE,2,47.0,31.0,81.0,4.0,,,1.0,,,,,,,,,
FROSINONE,OUT,40,FINI,49.0,,3.0,,,G02_FIORENTINA_FROSINONE,2,11.0,6.0,85.0,,,,1.0,,,,,,,,,
FROSINONE,OUT,9,RAIMONDO,92.0,,7.0,,,G02_FIORENTINA_FROSINONE,2,17.0,8.0,88.0,2.0,2.0,1.0,1.0,2.0,2.0,2.0,,,,,,
FROSINONE,OUT,17,KVERNADZE,99.0,,10.0,,,G02_FIORENTINA_FROSINONE,2,33.0,17.0,89.0,4.0,2.0,,1.0,2.0,,,1.0,,,,,
FROSINONE,OUT,2,CITTADINI,22.0,,1.0,,,G02_FIORENTINA_FROSINONE,2,9.0,2.0,100.0,1.0,,,,1.0,,,,,,,,
FROSINONE,OUT,11,BÎRLIGEA,7.0,,,,,G02_FIORENTINA_FROSINONE,2,1.0,,,,,,,,,,,,,,,
FROSINONE,OUT,24,ZERBIN,51.0,,3.0,,,G02_FIORENTINA_FROSINONE,2,30.0,9.0,56.0,3.0,,,1.0,,,,,,,,,
FROSINONE,OUT,27,GRILLITSCH,14.0,,1.0,,,G02_FIORENTINA_FROSINONE,2,10.0,4.0,50.0,1.0,,,,,,,,,,,,
FROSINONE,OUT,71,TERZIĆ,22.0,,2.0,,,G02_FIORENTINA_FROSINONE,2,6.0,5.0,100.0,,,,,,,,,,,,,
PARMA,GK,40,CORVI,99.0,1.0,4.0,1.0,19.0,G03_PARMA_MONZA,3,,,,,,,,,,,,,,,,
PARMA,OUT,15,DELPRATO,99.0,,8.0,,,G03_PARMA_MONZA,3,50.0,30.0,76.0,6.0,1.0,,,1.0,,,,,,,,
PARMA,OUT,34,DIEGO CARLOS,49.0,,5.0,,,G03_PARMA_MONZA,3,49.0,36.0,83.0,3.0,,,,1.0,,,,,,,,
PARMA,OUT,37,TROILO,99.0,,6.0,,,G03_PARMA_MONZA,3,79.0,57.0,91.0,7.0,1.0,,,,,,,,,,,
PARMA,OUT,27,BRITSCHGI,81.0,,3.0,,,G03_PARMA_MONZA,3,24.0,10.0,76.0,3.0,,,1.0,,,,,,,,,
PARMA,OUT,80,FABBIAN,49.0,,4.0,,,G03_PARMA_MONZA,3,11.0,5.0,62.0,2.0,,,1.0,1.0,,,,,,,,
PARMA,OUT,16,KEITA,99.0,,8.0,,,G03_PARMA_MONZA,3,38.0,18.0,81.0,5.0,,1.0,5.0,,,,,,,,,
PARMA,OUT,32,ORDOÑEZ,49.0,,5.0,,,G03_PARMA_MONZA,3,21.0,17.0,94.0,3.0,,,1.0,,,,,,,,,
PARMA,OUT,14,VALERI,99.0,,7.0,,,G03_PARMA_MONZA,3,46.0,17.0,70.0,,2.0,,,,,,,,1.0,,,
PARMA,OUT,9,ROMERO,58.0,,1.0,,,G03_PARMA_MONZA,3,7.0,5.0,83.0,,,,,,,,,,,,,
PARMA,OUT,19,E. TOURÉ,99.0,,11.0,,,G03_PARMA_MONZA,3,37.0,17.0,73.0,4.0,,,3.0,1.0,1.0,,,,,,,
PARMA,OUT,4,SIERRO,51.0,,6.0,,,G03_PARMA_MONZA,3,32.0,21.0,84.0,3.0,,,1.0,,,,,,,,,
PARMA,OUT,5,VALENTI,51.0,,3.0,,,G03_PARMA_MONZA,3,26.0,16.0,88.0,1.0,,,,,,,,,,,,
PARMA,OUT,11,ALMQVIST,19.0,,1.0,,,G03_PARMA_MONZA,3,4.0,1.0,50.0,,,1.0,1.0,,,,,,,,,
PARMA,OUT,20,FRIGAN,51.0,,2.0,,,G03_PARMA_MONZA,3,9.0,4.0,80.0,1.0,1.0,,2.0,,,,,,,,,
PARMA,OUT,76,LONTANI,41.0,,2.0,,,G03_PARMA_MONZA,3,15.0,5.0,83.0,1.0,,,1.0,2.0,2.0,1.0,,,1.0,,,
MONZA,GK,20,THIAM,99.0,1.0,2.0,1.0,27.0,G03_PARMA_MONZA,3,,,,,,,,,,,,,,,,
MONZA,OUT,60,KOUADIO,85.0,,11.0,,,G03_PARMA_MONZA,3,46.0,31.0,93.0,11.0,1.0,,,1.0,1.0,,,,,,,
MONZA,OUT,3,LUCCHESI,99.0,,8.0,,,G03_PARMA_MONZA,3,61.0,39.0,97.0,8.0,,,2.0,2.0,1.0,,,,,,,
MONZA,OUT,44,A. CARBONI,85.0,,21.0,,,G03_PARMA_MONZA,3,67.0,49.0,89.0,6.0,1.0,,,1.0,,,,,,,,
MONZA,OUT,19,BIRINDELLI,99.0,,27.0,,,G03_PARMA_MONZA,3,50.0,34.0,89.0,,2.0,,1.0,1.0,,,,,,,,
MONZA,OUT,14,AKINSANMIRO,99.0,,27.0,,,G03_PARMA_MONZA,3,61.0,46.0,86.0,3.0,,,1.0,,,,,,,,,
MONZA,OUT,90,FOLORUNSHO,99.0,,20.0,,,G03_PARMA_MONZA,3,61.0,39.0,82.0,,1.0,1.0,1.0,3.0,,,,,,,,
MONZA,OUT,7,MANGAS,99.0,,16.0,,,G03_PARMA_MONZA,3,52.0,26.0,83.0,3.0,2.0,,2.0,,,,1.0,,,,,
MONZA,OUT,11,FORSON,58.0,,12.0,,,G03_PARMA_MONZA,3,23.0,16.0,88.0,,1.0,,,2.0,,,,,,,,
MONZA,OUT,46,ROBINSON,85.0,,10.0,,,G03_PARMA_MONZA,3,22.0,12.0,75.0,,,,5.0,1.0,1.0,1.0,,,,,,
MONZA,OUT,47,DANY MOTA,65.0,,9.0,,,G03_PARMA_MONZA,3,29.0,13.0,81.0,2.0,2.0,,1.0,3.0,1.0,,,,2.0,,,
MONZA,OUT,5,MAYE,15.0,,2.0,,,G03_PARMA_MONZA,3,7.0,5.0,83.0,1.0,,,1.0,1.0,,,,,,,,
MONZA,OUT,21,LE. COLOMBO,34.0,,4.0,,,G03_PARMA_MONZA,3,20.0,12.0,75.0,2.0,,1.0,,,,,,,,,,
MONZA,OUT,24,BAKOUNE,15.0,,2.0,,,G03_PARMA_MONZA,3,6.0,4.0,80.0,,,,,,,,,,,,,
MONZA,OUT,28,COLPANI,41.0,,9.0,,,G03_PARMA_MONZA,3,20.0,12.0,85.0,,3.0,,,1.0,1.0,,,1.0,,,,
MONZA,OUT,80,MOUT,15.0,,1.0,,,G03_PARMA_MONZA,3,5.0,1.0,50.0,1.0,,,1.0,,,,,,,,,
FROSINONE,GK,22,PALMISANI,102.0,2.0,2.0,1.0,29.0,G03_FROSINONE_VENEZIA,3,,,,,,,,,,,,,,,,
FROSINONE,OUT,20,A. OYONO,102.0,,9.0,,,G03_FROSINONE_VENEZIA,3,47.0,18.0,62.0,4.0,1.0,1.0,1.0,1.0,,,1.0,1.0,,,,
FROSINONE,OUT,3,CALVANI,102.0,,7.0,,,G03_FROSINONE_VENEZIA,3,44.0,14.0,73.0,8.0,,,2.0,1.0,,,,,,,,
FROSINONE,OUT,2,CITTADINI,83.0,,2.0,,,G03_FROSINONE_VENEZIA,3,43.0,16.0,94.0,10.0,1.0,,,,,,,,,,,
FROSINONE,OUT,79,BRACAGLIA,102.0,,14.0,,,G03_FROSINONE_VENEZIA,3,62.0,30.0,69.0,8.0,2.0,,3.0,,,,,,,,,
FROSINONE,OUT,73,MASINI,102.0,,12.0,,,G03_FROSINONE_VENEZIA,3,44.0,17.0,73.0,3.0,1.0,,2.0,,,,1.0,,,,,
FROSINONE,OUT,14,CALÒ,92.0,,17.0,,,G03_FROSINONE_VENEZIA,3,43.0,28.0,87.0,6.0,4.0,,2.0,1.0,1.0,,,,,,,
FROSINONE,OUT,40,FINI,61.0,,3.0,,,G03_FROSINONE_VENEZIA,3,13.0,5.0,71.0,1.0,,,,,,,,,,,,
FROSINONE,OUT,10,SCHMID,61.0,,5.0,,,G03_FROSINONE_VENEZIA,3,21.0,10.0,71.0,1.0,,1.0,,,,,,,,,,
FROSINONE,OUT,17,KVERNADZE,102.0,,17.0,,,G03_FROSINONE_VENEZIA,3,40.0,20.0,76.0,5.0,2.0,,,4.0,3.0,1.0,,,,,,
FROSINONE,OUT,9,RAIMONDO,83.0,,4.0,,,G03_FROSINONE_VENEZIA,3,19.0,4.0,40.0,1.0,,,3.0,3.0,2.0,2.0,,,2.0,,,
FROSINONE,OUT,5,AMEY,11.0,,,,,G03_FROSINONE_VENEZIA,3,5.0,1.0,100.0,,,,,,,,,,,,,
FROSINONE,OUT,7,GHEDJEMIS,42.0,,6.0,,,G03_FROSINONE_VENEZIA,3,14.0,6.0,85.0,2.0,,,1.0,2.0,2.0,,,,,,,
FROSINONE,OUT,11,BÎRLIGEA,19.0,,2.0,,,G03_FROSINONE_VENEZIA,3,5.0,3.0,100.0,2.0,,,,,,,,,,,,
FROSINONE,OUT,16,CICHELLA,42.0,,3.0,,,G03_FROSINONE_VENEZIA,3,15.0,6.0,75.0,1.0,,,,1.0,1.0,,,,,,,
FROSINONE,OUT,30,MONTERISI,19.0,,,,,G03_FROSINONE_VENEZIA,3,9.0,2.0,66.0,,,,,,,,,,,,,
VENEZIA,GK,1,F. STANKOVIĆ,102.0,3.0,6.0,2.0,35.0,G03_FROSINONE_VENEZIA,3,,,,,,,,,,,,,,,,
VENEZIA,OUT,3,SCHINGTIENNE,102.0,,4.0,,,G03_FROSINONE_VENEZIA,3,54.0,30.0,73.0,7.0,,,,,,,,,,,,
VENEZIA,OUT,17,BELLA-KOTCHAP,16.0,,,,,G03_FROSINONE_VENEZIA,3,16.0,10.0,83.0,2.0,,,,,,,,,,,,
VENEZIA,OUT,25,HALHAL,102.0,,3.0,,,G03_FROSINONE_VENEZIA,3,59.0,33.0,89.0,5.0,,1.0,1.0,1.0,,,,,,,,
VENEZIA,OUT,18,HAINAUT,102.0,,24.0,,,G03_FROSINONE_VENEZIA,3,71.0,42.0,80.0,5.0,3.0,,1.0,1.0,,,1.0,,,,,
VENEZIA,OUT,71,KIKE PÉREZ,102.0,,13.0,,,G03_FROSINONE_VENEZIA,3,74.0,47.0,81.0,8.0,4.0,,3.0,,,,,,,,,
VENEZIA,OUT,6,BUSIO,102.0,,15.0,,,G03_FROSINONE_VENEZIA,3,60.0,41.0,95.0,4.0,1.0,1.0,1.0,2.0,,,1.0,,,,,
VENEZIA,OUT,19,SOHM,50.0,,2.0,,,G03_FROSINONE_VENEZIA,3,18.0,9.0,81.0,2.0,1.0,1.0,,,,,,,,,,
VENEZIA,OUT,5,HAPS,80.0,,7.0,,,G03_FROSINONE_VENEZIA,3,33.0,16.0,72.0,6.0,,,4.0,,,,,,,,,
VENEZIA,OUT,7,AL. RRAHMANI,50.0,,3.0,,,G03_FROSINONE_VENEZIA,3,17.0,9.0,81.0,2.0,,,,1.0,,,,,,,,
VENEZIA,OUT,45,A. ADAMS,75.0,,6.0,,,G03_FROSINONE_VENEZIA,3,24.0,8.0,50.0,,1.0,,1.0,2.0,1.0,,,,2.0,,,
VENEZIA,OUT,2,MORENO,23.0,,1.0,,,G03_FROSINONE_VENEZIA,3,17.0,4.0,57.0,2.0,,1.0,,1.0,,,,,,,,
VENEZIA,OUT,10,YEBOAH,53.0,,6.0,,,G03_FROSINONE_VENEZIA,3,31.0,13.0,68.0,3.0,1.0,,,5.0,2.0,1.0,,,,,,
VENEZIA,OUT,20,SAGRADO,86.0,,10.0,,,G03_FROSINONE_VENEZIA,3,25.0,11.0,78.0,2.0,,,2.0,2.0,1.0,1.0,,,,,,
VENEZIA,OUT,29,LAUBERBACH,28.0,,3.0,,,G03_FROSINONE_VENEZIA,3,10.0,4.0,66.0,,,,1.0,,,,,,,,,
VENEZIA,OUT,77,FERNÁNDEZ,53.0,,5.0,,,G03_FROSINONE_VENEZIA,3,26.0,15.0,75.0,,,,,,,,,,,,,
GENOA,GK,1,BIJLOW,95.0,4.0,5.0,,14.0,G03_GENOA_COMO,3,,,,,,,,,,,,,,,,
GENOA,OUT,27,MARCANDALLI,82.0,,8.0,,,G03_GENOA_COMO,3,38.0,24.0,80.0,,,,,,,,,,,,,
GENOA,OUT,5,ØSTIGÅRD,95.0,,5.0,,,G03_GENOA_COMO,3,57.0,38.0,88.0,1.0,,1.0,,,,,,,,,,
GENOA,OUT,22,J. VÁSQUEZ,95.0,,15.0,,,G03_GENOA_COMO,3,79.0,55.0,90.0,2.0,,,1.0,1.0,,,,,,,,
GENOA,OUT,20,SABELLI,47.0,,4.0,,,G03_GENOA_COMO,3,20.0,7.0,53.0,,,,1.0,,,,,,,,,
GENOA,OUT,32,FRENDRUP,95.0,,11.0,,,G03_GENOA_COMO,3,53.0,40.0,90.0,3.0,1.0,,,,,,,,,,,
GENOA,OUT,97,SOW,76.0,,12.0,,,G03_GENOA_COMO,3,43.0,30.0,88.0,2.0,1.0,1.0,1.0,,,,,,,,,
GENOA,OUT,77,ELLERTSSON,95.0,,16.0,,,G03_GENOA_COMO,3,49.0,23.0,79.0,3.0,,,1.0,1.0,,,,,,,,
GENOA,OUT,8,BALDANZI,67.0,,11.0,,,G03_GENOA_COMO,3,34.0,21.0,87.0,1.0,1.0,,,3.0,,,,,,,,
GENOA,OUT,18,OSMAJIĆ,95.0,,8.0,,,G03_GENOA_COMO,3,17.0,10.0,90.0,1.0,2.0,,1.0,2.0,1.0,1.0,,,2.0,,,
GENOA,OUT,29,LO. COLOMBO,67.0,,6.0,,,G03_GENOA_COMO,3,17.0,9.0,69.0,1.0,3.0,,,1.0,,,1.0,,,,,
GENOA,OUT,3,EHIZIBUE,28.0,,4.0,,,G03_GENOA_COMO,3,13.0,9.0,100.0,,1.0,,1.0,,,,,,,,,
GENOA,OUT,4,AMORIM,19.0,,11.0,,,G03_GENOA_COMO,3,19.0,13.0,86.0,,1.0,,,,,,,,,,,
GENOA,OUT,9,VITINHA,49.0,,8.0,,,G03_GENOA_COMO,3,23.0,12.0,85.0,,,,1.0,1.0,1.0,,,,,,,
GENOA,OUT,10,MESSIAS,28.0,,2.0,,,G03_GENOA_COMO,3,11.0,3.0,75.0,1.0,,,,2.0,,,,,,,,
GENOA,OUT,11,MEICHTRY,13.0,,2.0,,,G03_GENOA_COMO,3,6.0,5.0,100.0,,1.0,,,,,,,,,,,
COMO,GK,1,BUTEZ,95.0,1.0,1.0,,16.0,G03_GENOA_COMO,3,,,,,,,,,,,,,,,,
COMO,OUT,27,YAN COUTO,95.0,,39.0,,,G03_GENOA_COMO,3,88.0,75.0,94.0,1.0,2.0,,,2.0,1.0,,1.0,,,,,
COMO,OUT,4,RAMÓN,95.0,,19.0,,,G03_GENOA_COMO,3,69.0,57.0,100.0,5.0,,,,1.0,1.0,,,,,,,
COMO,OUT,99,CHALOBAH,95.0,,11.0,,,G03_GENOA_COMO,3,80.0,67.0,100.0,4.0,,,1.0,,,,,,,,,
COMO,OUT,3,ÁLEX VALLE,95.0,,21.0,,,G03_GENOA_COMO,3,71.0,51.0,91.0,4.0,3.0,,1.0,1.0,1.0,,1.0,,,,,
COMO,OUT,5,PERRONE,95.0,,43.0,,,G03_GENOA_COMO,3,100.0,90.0,96.0,,2.0,,,2.0,,,,,,,,
COMO,OUT,7,DA CUNHA,81.0,,30.0,,,G03_GENOA_COMO,3,77.0,55.0,94.0,,1.0,,,3.0,,,,,,,,
COMO,OUT,11,DIAO,86.0,,30.0,,,G03_GENOA_COMO,3,61.0,37.0,94.0,,2.0,,1.0,3.0,2.0,2.0,,,1.0,,,
COMO,OUT,10,NICO PAZ,81.0,,53.0,,,G03_GENOA_COMO,3,82.0,61.0,91.0,,2.0,,,3.0,2.0,1.0,,1.0,1.0,,,
COMO,OUT,20,BATURINA,67.0,,28.0,,,G03_GENOA_COMO,3,51.0,36.0,90.0,,1.0,1.0,3.0,1.0,1.0,1.0,,,,,,
COMO,OUT,9,DOUVIKAS,67.0,,3.0,,,G03_GENOA_COMO,3,21.0,8.0,57.0,,1.0,,2.0,3.0,,,,,1.0,,,
COMO,OUT,6,MILLA,14.0,,1.0,,,G03_GENOA_COMO,3,6.0,5.0,100.0,,,,,,,,,,,,,
COMO,OUT,8,CAQUERET,29.0,,10.0,,,G03_GENOA_COMO,3,21.0,19.0,90.0,1.0,1.0,,,,,,,,,,,
COMO,OUT,14,RICCI,14.0,,2.0,,,G03_GENOA_COMO,3,6.0,4.0,100.0,,,,,1.0,1.0,,,,,,,
COMO,OUT,30,LIBERALI,10.0,,,,,G03_GENOA_COMO,3,3.0,1.0,100.0,,,,,,,,,,,,,
COMO,OUT,90,KEAN,29.0,,5.0,,,G03_GENOA_COMO,3,7.0,6.0,100.0,,1.0,,,,,,1.0,,,,,
CAGLIARI,GK,1,CAPRILE,100.0,,3.0,2.0,16.0,G03_CAGLIARI_LECCE,3,,,,,,,,,,,,,,,,
CAGLIARI,OUT,2,ZÉ PEDRO,100.0,,12.0,,,G03_CAGLIARI_LECCE,3,59.0,30.0,76.0,5.0,1.0,,,,,,,,,,,
CAGLIARI,OUT,14,DEIOLA,100.0,,8.0,,,G03_CAGLIARI_LECCE,3,48.0,30.0,85.0,2.0,,1.0,1.0,,,,,,,,,
CAGLIARI,OUT,15,J. RODRÍGUEZ,68.0,,4.0,,,G03_CAGLIARI_LECCE,3,49.0,31.0,96.0,4.0,,,1.0,,,,,,,,,
CAGLIARI,OUT,33,OBERT,100.0,,11.0,,,G03_CAGLIARI_LECCE,3,53.0,29.0,87.0,3.0,1.0,,,1.0,1.0,,,,,,,
CAGLIARI,OUT,4,A. ROMANO,100.0,,14.0,,,G03_CAGLIARI_LECCE,3,55.0,30.0,88.0,2.0,1.0,,2.0,3.0,1.0,,,,,,,
CAGLIARI,OUT,6,WINKS,100.0,,21.0,,,G03_CAGLIARI_LECCE,3,72.0,49.0,92.0,5.0,,,1.0,1.0,,,,,,,,
CAGLIARI,OUT,8,ADOPO,100.0,,25.0,,,G03_CAGLIARI_LECCE,3,46.0,31.0,86.0,1.0,1.0,,,2.0,2.0,,,,,,,
CAGLIARI,OUT,70,MALDINI,68.0,,10.0,,,G03_CAGLIARI_LECCE,3,39.0,17.0,80.0,3.0,1.0,,3.0,5.0,1.0,1.0,,1.0,1.0,,,
CAGLIARI,OUT,10,FAZZINI,63.0,,20.0,,,G03_CAGLIARI_LECCE,3,54.0,31.0,93.0,2.0,2.0,,2.0,2.0,,,1.0,,,,,
CAGLIARI,OUT,31,MENDY,76.0,,12.0,,,G03_CAGLIARI_LECCE,3,31.0,17.0,80.0,,1.0,,2.0,2.0,1.0,,,1.0,1.0,,,
CAGLIARI,OUT,17,FELICI,14.0,,2.0,,,G03_CAGLIARI_LECCE,3,8.0,3.0,75.0,,1.0,,,1.0,1.0,,,,,,,
CAGLIARI,OUT,21,GAGLIARDINI,24.0,,5.0,,,G03_CAGLIARI_LECCE,3,16.0,7.0,77.0,1.0,1.0,,,,,,,,,,,
CAGLIARI,OUT,22,KOFLER,32.0,,1.0,,,G03_CAGLIARI_LECCE,3,11.0,2.0,100.0,,1.0,,,1.0,,,,,,,,
CAGLIARI,OUT,35,SUGAMELE,24.0,,3.0,,,G03_CAGLIARI_LECCE,3,9.0,5.0,83.0,,1.0,,,1.0,1.0,,,,,,,
CAGLIARI,OUT,39,FADERA,32.0,,1.0,,,G03_CAGLIARI_LECCE,3,16.0,3.0,60.0,1.0,1.0,,1.0,2.0,1.0,,,,,,,
LECCE,GK,30,FALCONE,,1.0,9.0,2.0,7.0,G03_CAGLIARI_LECCE,3,,,,,,1.0,,,,,,,,,,
LECCE,OUT,17,DANILO VEIGA,,,26.0,,,G03_CAGLIARI_LECCE,3,74.0,47.0,81.0,,2.0,,1.0,,,,,,,,,
LECCE,OUT,4,GASPAR,,,5.0,,,G03_CAGLIARI_LECCE,3,74.0,57.0,90.0,1.0,,1.0,,,,,,,,,,
LECCE,OUT,44,TIAGO GABRIEL,,,11.0,,,G03_CAGLIARI_LECCE,3,95.0,74.0,94.0,5.0,,,1.0,,,,,,,,,
LECCE,OUT,1,GALLO,,,13.0,,,G03_CAGLIARI_LECCE,3,59.0,29.0,70.0,6.0,,,,,,,,,,,,
LECCE,OUT,20,ILIĆ,,,23.0,,,G03_CAGLIARI_LECCE,3,62.0,50.0,94.0,2.0,,,,1.0,,,,,,,,
LECCE,OUT,79,NGOM,,,10.0,,,G03_CAGLIARI_LECCE,3,47.0,26.0,74.0,2.0,1.0,,,2.0,,,,,,,,
LECCE,OUT,29,L. COULIBALY,,,25.0,,,G03_CAGLIARI_LECCE,3,65.0,48.0,84.0,1.0,2.0,,2.0,1.0,1.0,,,,,,,
LECCE,OUT,50,PIEROTTI,,,17.0,,,G03_CAGLIARI_LECCE,3,38.0,19.0,70.0,2.0,,,,,,,,,,,,
LECCE,OUT,9,ŠTULIĆ,,,10.0,,,G03_CAGLIARI_LECCE,3,19.0,11.0,73.0,,,,,2.0,1.0,,,,,,,
LECCE,OUT,99,MONTEIRO,,,7.0,,,G03_CAGLIARI_LECCE,3,40.0,12.0,66.0,,1.0,,,1.0,,,,,,,,
LECCE,OUT,5,SIEBERT,32.0,,7.0,,,G03_CAGLIARI_LECCE,3,33.0,22.0,84.0,4.0,,1.0,2.0,1.0,,,,,,,,
LECCE,OUT,7,FATAH,53.0,,6.0,,,G03_CAGLIARI_LECCE,3,16.0,7.0,70.0,,,,,1.0,,,,,,,,
LECCE,OUT,10,BERISHA,16.0,,4.0,,,G03_CAGLIARI_LECCE,3,15.0,4.0,50.0,,,,,,,,,,,,,
LECCE,OUT,11,N'DRI,32.0,,6.0,,,G03_CAGLIARI_LECCE,3,15.0,6.0,85.0,1.0,,,2.0,,,,,,,,,
LECCE,OUT,14,MALEH,32.0,,13.0,,,G03_CAGLIARI_LECCE,3,25.0,21.0,100.0,,1.0,,,,,,,,,,,
JUVENTUS,GK,25,VICARIO,100.0,1.0,,1.0,12.0,G03_JUVENTUS_MILAN,3,,,,,,,,,,,,,,,,
JUVENTUS,OUT,15,KALULU,100.0,,26.0,,,G03_JUVENTUS_MILAN,3,65.0,45.0,84.0,3.0,,,1.0,,,,,,,,,
JUVENTUS,OUT,3,BREMER,100.0,,19.0,,,G03_JUVENTUS_MILAN,3,64.0,43.0,91.0,4.0,1.0,,,,,,,,,,,
JUVENTUS,OUT,26,LUCUMÍ,100.0,,27.0,,,G03_JUVENTUS_MILAN,3,73.0,59.0,92.0,5.0,1.0,,,,,,,,,,,
JUVENTUS,OUT,2,ÇELIK,92.0,,23.0,,,G03_JUVENTUS_MILAN,3,58.0,39.0,88.0,3.0,1.0,,1.0,,,,,,,,,
JUVENTUS,OUT,5,LOCATELLI,100.0,,42.0,,,G03_JUVENTUS_MILAN,3,86.0,61.0,89.0,7.0,,,2.0,2.0,,,,,1.0,,,
JUVENTUS,OUT,12,DOUGLAS LUIZ,79.0,,31.0,,,G03_JUVENTUS_MILAN,3,65.0,43.0,82.0,,2.0,,1.0,1.0,,,,,,,,
JUVENTUS,OUT,7,CONCEIÇÃO,92.0,,21.0,,,G03_JUVENTUS_MILAN,3,39.0,25.0,83.0,1.0,,,1.0,3.0,2.0,,,1.0,1.0,,,
JUVENTUS,OUT,31,N. GONZÁLEZ,68.0,,16.0,,,G03_JUVENTUS_MILAN,3,32.0,19.0,79.0,3.0,1.0,,1.0,1.0,1.0,,,,,,,
JUVENTUS,OUT,17,ALAJBEGOVIĆ,68.0,,21.0,,,G03_JUVENTUS_MILAN,3,35.0,24.0,92.0,2.0,,,1.0,2.0,,,,,,,,
JUVENTUS,OUT,9,KOLO MUANI,100.0,,10.0,,,G03_JUVENTUS_MILAN,3,25.0,12.0,75.0,,,,,,,,,,,,,
JUVENTUS,OUT,4,GATTI,8.0,,2.0,,,G03_JUVENTUS_MILAN,3,3.0,2.0,100.0,,,1.0,,1.0,1.0,1.0,,,1.0,,,
JUVENTUS,OUT,8,KOOPMEINERS,33.0,,11.0,,,G03_JUVENTUS_MILAN,3,25.0,17.0,100.0,1.0,1.0,,,1.0,,,1.0,,,,,
JUVENTUS,OUT,11,ZHEGROVA,8.0,,2.0,,,G03_JUVENTUS_MILAN,3,4.0,2.0,100.0,,,,,,,,,,,,,
JUVENTUS,OUT,13,BOGA,33.0,,5.0,,,G03_JUVENTUS_MILAN,3,13.0,5.0,83.0,,,,,1.0,1.0,,,,,,,
JUVENTUS,OUT,27,WOLTEMADE,21.0,,3.0,,,G03_JUVENTUS_MILAN,3,6.0,4.0,100.0,,,,2.0,1.0,,,,,,,,
MILAN,GK,16,MAIGNAN,100.0,1.0,4.0,,17.0,G03_JUVENTUS_MILAN,3,,,,,,,,,,,,,,,,
MILAN,OUT,34,GILA,91.0,,17.0,,,G03_JUVENTUS_MILAN,3,66.0,57.0,98.0,,,,,,,,,,,,,
MILAN,OUT,5,DE WINTER,100.0,,5.0,,,G03_JUVENTUS_MILAN,3,61.0,41.0,95.0,2.0,,1.0,,,,,,,,,,
MILAN,OUT,31,PAVLOVIĆ,100.0,,7.0,,,G03_JUVENTUS_MILAN,3,66.0,41.0,83.0,4.0,,,1.0,,,,,,,,,
MILAN,OUT,22,MOREIRA,64.0,,23.0,,,G03_JUVENTUS_MILAN,3,58.0,36.0,92.0,2.0,,,,,,,,,,,,
MILAN,OUT,14,MODRIĆ,85.0,,29.0,,,G03_JUVENTUS_MILAN,3,80.0,67.0,95.0,5.0,,,2.0,,,,,,,,,
MILAN,OUT,80,MUSAH,100.0,,22.0,,,G03_JUVENTUS_MILAN,3,48.0,36.0,92.0,2.0,,,1.0,,,,,,,,,
MILAN,OUT,2,ESTUPIÑÁN,100.0,,14.0,,,G03_JUVENTUS_MILAN,3,69.0,40.0,85.0,5.0,,1.0,,1.0,,,,,,,,
MILAN,OUT,12,RABIOT,64.0,,21.0,,,G03_JUVENTUS_MILAN,3,45.0,32.0,80.0,,,,2.0,1.0,,,,,,,,
MILAN,OUT,56,SAELEMAEKERS,64.0,,12.0,,,G03_JUVENTUS_MILAN,3,30.0,19.0,82.0,,,,1.0,,,,,,,,,
MILAN,OUT,9,GONÇALO RAMOS,100.0,,11.0,,,G03_JUVENTUS_MILAN,3,36.0,16.0,76.0,1.0,1.0,,1.0,,,,,,,,,
MILAN,OUT,8,LOFTUS-CHEEK,36.0,,6.0,,,G03_JUVENTUS_MILAN,3,14.0,11.0,100.0,,,,,,,,,,,,,
MILAN,OUT,21,CHUKWUEZE,36.0,,2.0,,,G03_JUVENTUS_MILAN,3,20.0,11.0,61.0,1.0,1.0,,,,,,1.0,,,,,
MILAN,OUT,30,JASHARI,15.0,,1.0,,,G03_JUVENTUS_MILAN,3,5.0,3.0,75.0,,,,,,,,,,,,,
MILAN,OUT,42,F. TERRACCIANO,9.0,,1.0,,,G03_JUVENTUS_MILAN,3,6.0,4.0,80.0,,,,1.0,,,,,,,,,
MILAN,OUT,70,CISSE,36.0,,3.0,,,G03_JUVENTUS_MILAN,3,8.0,4.0,100.0,,,1.0,,1.0,1.0,1.0,,,,,,
INTER,GK,1,J. MARTÍNEZ,101.0,2.0,5.0,3.0,9.0,G03_INTER_NAPOLI,3,,,,,,,,,,,,,,,,
INTER,OUT,31,BISSECK,101.0,,28.0,,,G03_INTER_NAPOLI,3,76.0,54.0,93.0,6.0,1.0,,,2.0,,,,,,,,
INTER,OUT,25,AKANJI,101.0,,26.0,,,G03_INTER_NAPOLI,3,81.0,60.0,98.0,7.0,1.0,,,1.0,,,1.0,,,,,
INTER,OUT,95,BASTONI,83.0,,38.0,,,G03_INTER_NAPOLI,3,88.0,68.0,95.0,7.0,,,,,,,,,,,,
INTER,OUT,17,DIOUF,101.0,,35.0,,,G03_INTER_NAPOLI,3,67.0,45.0,90.0,3.0,7.0,,,2.0,1.0,,,,,,,
INTER,OUT,23,BARELLA,101.0,,35.0,,,G03_INTER_NAPOLI,3,70.0,44.0,88.0,2.0,1.0,,,1.0,1.0,,,,,,,
INTER,OUT,7,ZIELIŃSKI,76.0,,33.0,,,G03_INTER_NAPOLI,3,77.0,63.0,100.0,4.0,1.0,,1.0,4.0,1.0,,,,,,,
INTER,OUT,8,SUČIĆ,50.0,,15.0,,,G03_INTER_NAPOLI,3,28.0,22.0,84.0,1.0,,,,,,,,,,,,
INTER,OUT,32,DIMARCO,66.0,,19.0,,,G03_INTER_NAPOLI,3,45.0,26.0,86.0,2.0,2.0,,,4.0,,,1.0,1.0,,,,
INTER,OUT,10,L. MARTÍNEZ,101.0,,18.0,,,G03_INTER_NAPOLI,3,45.0,21.0,80.0,2.0,2.0,1.0,2.0,6.0,3.0,2.0,,,1.0,,,
INTER,OUT,94,P. ESPOSITO,50.0,,2.0,,,G03_INTER_NAPOLI,3,15.0,3.0,50.0,2.0,,,1.0,2.0,1.0,,,,,,,
INTER,OUT,9,M. THURAM,52.0,,7.0,,,G03_INTER_NAPOLI,3,18.0,7.0,100.0,,1.0,,,5.0,1.0,1.0,,1.0,2.0,,,
INTER,OUT,14,BONNY,18.0,,3.0,,,G03_INTER_NAPOLI,3,7.0,3.0,100.0,1.0,,,,,,,,,,,,
INTER,OUT,20,ÇALHANOĞLU,26.0,,15.0,,,G03_INTER_NAPOLI,3,35.0,22.0,88.0,1.0,2.0,,,,,,,,,,,
INTER,OUT,21,JONES,52.0,,26.0,,,G03_INTER_NAPOLI,3,44.0,32.0,88.0,2.0,,,1.0,1.0,,,,,,,,
INTER,OUT,30,CARLOS AUGUSTO,35.0,,10.0,,,G03_INTER_NAPOLI,3,30.0,18.0,81.0,3.0,1.0,,,,,,1.0,,,,,
NAPOLI,GK,1,MERET,101.0,3.0,5.0,1.0,25.0,G03_INTER_NAPOLI,3,,,,,,,,,,,,,,,,
NAPOLI,OUT,22,DI LORENZO,101.0,,17.0,,,G03_INTER_NAPOLI,3,63.0,37.0,77.0,5.0,2.0,,1.0,,,,1.0,,,,,
NAPOLI,OUT,13,AM. RRAHMANI,101.0,,10.0,,,G03_INTER_NAPOLI,3,66.0,32.0,88.0,5.0,,,,,,,,,,,,
NAPOLI,OUT,16,RAFA MARÍN,101.0,,6.0,,,G03_INTER_NAPOLI,3,68.0,37.0,90.0,8.0,,1.0,1.0,1.0,,,,,,,,
NAPOLI,OUT,37,SPINAZZOLA,101.0,,24.0,,,G03_INTER_NAPOLI,3,68.0,47.0,78.0,3.0,2.0,,,,,,,,,,,
NAPOLI,OUT,99,ANGUISSA,101.0,,7.0,,,G03_INTER_NAPOLI,3,30.0,17.0,89.0,2.0,,,1.0,4.0,1.0,,,,3.0,,,
NAPOLI,OUT,68,LOBOTKA,83.0,,4.0,,,G03_INTER_NAPOLI,3,35.0,18.0,85.0,6.0,,,1.0,1.0,1.0,,,,,,,
NAPOLI,OUT,26,VERGARA,66.0,,7.0,,,G03_INTER_NAPOLI,3,23.0,12.0,92.0,8.0,1.0,1.0,,,,,,,,,,
NAPOLI,OUT,21,POLITANO,66.0,,14.0,,,G03_INTER_NAPOLI,3,35.0,21.0,87.0,1.0,3.0,,,3.0,2.0,1.0,,,,,,
NAPOLI,OUT,19,HØJLUND,76.0,,2.0,,,G03_INTER_NAPOLI,3,20.0,4.0,36.0,2.0,,,,2.0,2.0,1.0,,,,,,
NAPOLI,OUT,27,ALISSON,83.0,,12.0,,,G03_INTER_NAPOLI,3,31.0,14.0,93.0,1.0,2.0,,1.0,3.0,1.0,,,,,,,
NAPOLI,OUT,5,BADIASHILE,18.0,,1.0,,,G03_INTER_NAPOLI,3,9.0,7.0,100.0,1.0,,,,,,,,,,,,
NAPOLI,OUT,6,GILMOUR,18.0,,5.0,,,G03_INTER_NAPOLI,3,15.0,11.0,91.0,2.0,,,,,,,,,,,,
NAPOLI,OUT,7,NERES,35.0,,7.0,,,G03_INTER_NAPOLI,3,13.0,8.0,88.0,,,,,1.0,,,,,,,,
NAPOLI,OUT,11,DE BRUYNE,35.0,,5.0,,,G03_INTER_NAPOLI,3,13.0,7.0,77.0,,1.0,,1.0,,,,,,,,,
NAPOLI,OUT,20,LUCCA,26.0,,4.0,,,G03_INTER_NAPOLI,3,10.0,5.0,71.0,,,,,1.0,,,,,,,,
UDINESE,GK,40,OKOYE,100.0,2.0,5.0,3.0,18.0,G03_UDINESE_LAZIO,3,,,,,,,,,,,,,,,,
UDINESE,OUT,14,ABANKWAH,80.0,,8.0,,,G03_UDINESE_LAZIO,3,37.0,25.0,100.0,5.0,1.0,,1.0,,,,,,,,,
UDINESE,OUT,28,SOLET,38.0,,6.0,,,G03_UDINESE_LAZIO,3,32.0,22.0,95.0,4.0,,,1.0,,,,,,,,,
UDINESE,OUT,77,EBOSSE,100.0,,10.0,,,G03_UDINESE_LAZIO,3,52.0,37.0,92.0,5.0,,,1.0,,,,,,,,,
UDINESE,OUT,23,VOJVODA,100.0,,24.0,,,G03_UDINESE_LAZIO,3,74.0,45.0,78.0,6.0,1.0,,1.0,,,,,,,,,
UDINESE,OUT,24,PIOTROWSKI,15.0,,2.0,,,G03_UDINESE_LAZIO,3,4.0,3.0,100.0,1.0,1.0,1.0,,,,,,,,,,
UDINESE,OUT,8,KARLSTRÖM,100.0,,13.0,,,G03_UDINESE_LAZIO,3,51.0,33.0,76.0,1.0,,1.0,,1.0,1.0,1.0,,,1.0,,,
UDINESE,OUT,11,KAMARA,100.0,,10.0,,,G03_UDINESE_LAZIO,3,47.0,18.0,75.0,3.0,,,,3.0,2.0,,,,,,,
UDINESE,OUT,32,EKKELENKAMP,100.0,,13.0,,,G03_UDINESE_LAZIO,3,35.0,18.0,75.0,5.0,1.0,,1.0,2.0,1.0,,,,,,,
UDINESE,OUT,46,UNAI GÓMEZ,50.0,,5.0,,,G03_UDINESE_LAZIO,3,12.0,5.0,62.0,1.0,,,,1.0,,,,,,,,
UDINESE,OUT,9,DAVIS,80.0,,12.0,,,G03_UDINESE_LAZIO,3,38.0,17.0,65.0,2.0,2.0,,,2.0,2.0,,1.0,,,,,
UDINESE,OUT,6,ZARRAGA,21.0,,1.0,,,G03_UDINESE_LAZIO,3,5.0,3.0,100.0,,,,1.0,,,,,,,,,
UDINESE,OUT,13,BERTOLA,21.0,,2.0,,,G03_UDINESE_LAZIO,3,16.0,12.0,92.0,,,1.0,,,,,,,,,,
UDINESE,OUT,15,BAYO,51.0,,4.0,,,G03_UDINESE_LAZIO,3,17.0,6.0,50.0,2.0,1.0,1.0,1.0,,,,,,,,,
UDINESE,OUT,27,KABASELE,63.0,,3.0,,,G03_UDINESE_LAZIO,3,20.0,10.0,90.0,2.0,,,,,,,,,,,,
UDINESE,OUT,38,MILLER,86.0,,14.0,,,G03_UDINESE_LAZIO,3,46.0,27.0,93.0,7.0,1.0,1.0,2.0,,,,,,,,,
LAZIO,GK,35,MANDAS,100.0,1.0,5.0,1.0,11.0,G03_UDINESE_LAZIO,3,,,,,,,,,,,,,,,,
LAZIO,OUT,15,FLORIANI M.,100.0,,21.0,,,G03_UDINESE_LAZIO,3,70.0,52.0,91.0,4.0,1.0,,,,,,,,,,,
LAZIO,OUT,5,DOEKHI,100.0,,11.0,,,G03_UDINESE_LAZIO,3,80.0,57.0,95.0,8.0,2.0,,,1.0,,,1.0,,,,,
LAZIO,OUT,25,PROVSTGAARD,100.0,,18.0,,,G03_UDINESE_LAZIO,3,84.0,66.0,94.0,5.0,,,,1.0,,,,,,,,
LAZIO,OUT,17,NUNO TAVARES,100.0,,31.0,,,G03_UDINESE_LAZIO,3,101.0,64.0,86.0,4.0,2.0,,4.0,2.0,1.0,,,,,,,
LAZIO,OUT,16,FRATTESI,84.0,,13.0,,,G03_UDINESE_LAZIO,3,39.0,21.0,84.0,5.0,,,3.0,3.0,1.0,1.0,,,1.0,,,
LAZIO,OUT,21,BELAHYANE,100.0,,28.0,,,G03_UDINESE_LAZIO,3,80.0,62.0,92.0,12.0,1.0,,1.0,,,,,,,,,
LAZIO,OUT,24,TAYLOR,100.0,,31.0,,,G03_UDINESE_LAZIO,3,77.0,60.0,92.0,6.0,1.0,,,2.0,1.0,,,,,,,
LAZIO,OUT,11,ISAKSEN,57.0,,12.0,,,G03_UDINESE_LAZIO,3,34.0,20.0,86.0,1.0,,1.0,3.0,1.0,,,,,,,,
LAZIO,OUT,9,PINAMONTI,57.0,,1.0,,,G03_UDINESE_LAZIO,3,11.0,5.0,62.0,1.0,,,1.0,,,,,,,,,
LAZIO,OUT,10,ZACCAGNI,95.0,,24.0,,,G03_UDINESE_LAZIO,3,73.0,38.0,80.0,4.0,2.0,,,4.0,1.0,,1.0,1.0,1.0,,,
LAZIO,OUT,14,NOSLIN,44.0,,9.0,,,G03_UDINESE_LAZIO,3,15.0,10.0,76.0,,,,,1.0,,,,,,,,
LAZIO,OUT,22,CANCELLIERI,44.0,,11.0,,,G03_UDINESE_LAZIO,3,23.0,14.0,93.0,1.0,4.0,,,2.0,1.0,,,,,,,
LAZIO,OUT,23,PEDRAZA,6.0,,2.0,,,G03_UDINESE_LAZIO,3,2.0,2.0,100.0,,,,,,,,,,,,,
LAZIO,OUT,80,GUÐMUNDSSON,17.0,,6.0,,,G03_UDINESE_LAZIO,3,11.0,7.0,100.0,,1.0,,,2.0,1.0,1.0,,,,,,
ROMA,GK,99,SVILAR,98.0,1.0,1.0,,7.0,G03_ROMA_ATALANTA,3,,,,,,,,,,,,,,,,
ROMA,OUT,23,MANCINI,64.0,,20.0,,,G03_ROMA_ATALANTA,3,54.0,44.0,93.0,3.0,,,,2.0,1.0,,,,1.0,,,
ROMA,OUT,5,NDICKA,69.0,,9.0,,,G03_ROMA_ATALANTA,3,66.0,41.0,95.0,9.0,,,1.0,1.0,,,,,,,,
ROMA,OUT,22,HERMOSO,98.0,,31.0,,,G03_ROMA_ATALANTA,3,96.0,66.0,89.0,8.0,4.0,,1.0,2.0,1.0,1.0,,,,,,
ROMA,OUT,77,LULLI,56.0,,14.0,,,G03_ROMA_ATALANTA,3,35.0,24.0,82.0,2.0,1.0,,2.0,,,,,,,,,
ROMA,OUT,17,M. KONÉ,98.0,,32.0,,,G03_ROMA_ATALANTA,3,78.0,58.0,87.0,3.0,1.0,,,4.0,1.0,,,,,,,
ROMA,OUT,4,CRISTANTE,98.0,,39.0,,,G03_ROMA_ATALANTA,3,105.0,84.0,90.0,3.0,,,1.0,3.0,1.0,,,,,,,
ROMA,OUT,43,WESLEY,98.0,,40.0,,,G03_ROMA_ATALANTA,3,75.0,54.0,91.0,1.0,9.0,,,,,,,,,,,
ROMA,OUT,21,DYBALA,98.0,,33.0,,,G03_ROMA_ATALANTA,3,74.0,39.0,79.0,2.0,4.0,,2.0,5.0,2.0,,1.0,,,,,
ROMA,OUT,86,RODRIGO MORA,56.0,,14.0,,,G03_ROMA_ATALANTA,3,28.0,14.0,82.0,,2.0,,,5.0,,,,,,,,
ROMA,OUT,14,MALEN,64.0,,5.0,,,G03_ROMA_ATALANTA,3,19.0,5.0,71.0,,1.0,,1.0,3.0,1.0,,,,,,,
ROMA,OUT,9,CASTRO,35.0,,7.0,,,G03_ROMA_ATALANTA,3,13.0,7.0,100.0,,1.0,,1.0,3.0,,,,2.0,1.0,,,
ROMA,OUT,18,SOULÉ,43.0,,22.0,,,G03_ROMA_ATALANTA,3,42.0,26.0,89.0,,1.0,,,7.0,3.0,1.0,1.0,,,,,
ROMA,OUT,20,MOLINA,43.0,,26.0,,,G03_ROMA_ATALANTA,3,46.0,29.0,87.0,1.0,4.0,,,,,,,,,,,
ROMA,OUT,26,BALERDI,30.0,,5.0,,,G03_ROMA_ATALANTA,3,33.0,22.0,91.0,7.0,,,,,,,,,,,,
ROMA,OUT,87,GHILARDI,35.0,,12.0,,,G03_ROMA_ATALANTA,3,25.0,17.0,89.0,1.0,,,1.0,,,,,,,,,
ATALANTA,GK,29,CARNESECCHI,98.0,2.0,8.0,2.0,42.0,G03_ROMA_ATALANTA,3,,,,,,,,,,,,,,,,
ATALANTA,OUT,16,BELLANOVA,98.0,,11.0,,,G03_ROMA_ATALANTA,3,53.0,31.0,88.0,5.0,1.0,1.0,1.0,,,,,,,,,
ATALANTA,OUT,3,KOSSOUNOU,98.0,,1.0,,,G03_ROMA_ATALANTA,3,50.0,31.0,96.0,2.0,,,,1.0,,,,,,,,
ATALANTA,OUT,42,SCALVINI,98.0,,1.0,,,G03_ROMA_ATALANTA,3,42.0,23.0,92.0,4.0,,,1.0,,,,,,,,,
ATALANTA,OUT,23,KOLAŠINAC,74.0,,4.0,,,G03_ROMA_ATALANTA,3,32.0,20.0,90.0,2.0,,,1.0,,,,,,,,,
ATALANTA,OUT,10,SAMARDŽIĆ,67.0,,9.0,,,G03_ROMA_ATALANTA,3,36.0,14.0,77.0,1.0,1.0,,,1.0,,,,,,,,
ATALANTA,OUT,70,GAETANO,98.0,,9.0,,,G03_ROMA_ATALANTA,3,45.0,21.0,72.0,3.0,1.0,,,,,,,,,,1.0,
ATALANTA,OUT,13,ÉDERSON,80.0,,9.0,,,G03_ROMA_ATALANTA,3,35.0,22.0,81.0,1.0,,,1.0,1.0,1.0,1.0,,,,,,
ATALANTA,OUT,17,DE KETELAERE,98.0,,15.0,,,G03_ROMA_ATALANTA,3,49.0,21.0,67.0,2.0,2.0,,1.0,1.0,,,,,,,,
ATALANTA,OUT,9,SCAMACCA,47.0,,3.0,,,G03_ROMA_ATALANTA,3,15.0,4.0,57.0,,,,3.0,1.0,1.0,,,,,,,
ATALANTA,OUT,99,ELMAS,67.0,,3.0,,,G03_ROMA_ATALANTA,3,18.0,9.0,69.0,2.0,,,,,,,,,,,,
ATALANTA,OUT,8,PAŠALIĆ,31.0,,3.0,,,G03_ROMA_ATALANTA,3,9.0,6.0,100.0,,,,,,,,,,,,,
ATALANTA,OUT,19,KESSIE,18.0,,3.0,,,G03_ROMA_ATALANTA,3,7.0,5.0,71.0,,,,,,,,,,,,,
ATALANTA,OUT,59,ZALEWSKI,31.0,,5.0,,,G03_ROMA_ATALANTA,3,12.0,7.0,70.0,,,,,,,,,,,,,
ATALANTA,OUT,77,ZAPPACOSTA,25.0,,4.0,,,G03_ROMA_ATALANTA,3,20.0,8.0,72.0,3.0,,,,,,,,,,,,
ATALANTA,OUT,90,KRSTOVIĆ,52.0,,7.0,,,G03_ROMA_ATALANTA,3,26.0,12.0,63.0,1.0,,,1.0,1.0,,,,,1.0,,,
BOLOGNA,GK,1,SKORUPSKI,99.0,2.0,4.0,2.0,2.0,G03_BOLOGNA_SASSUOLO,3,,,,,,,,,,,,,,,,
BOLOGNA,OUT,2,HOLM,99.0,,35.0,,,G03_BOLOGNA_SASSUOLO,3,81.0,55.0,91.0,8.0,,1.0,3.0,1.0,,,,,,,,
BOLOGNA,OUT,14,HEGGEM,99.0,,23.0,,,G03_BOLOGNA_SASSUOLO,3,99.0,82.0,100.0,6.0,,,,1.0,,,,,,,,
BOLOGNA,OUT,3,THEATE,99.0,,16.0,,,G03_BOLOGNA_SASSUOLO,3,80.0,64.0,98.0,3.0,,,,2.0,,,,,,,,
BOLOGNA,OUT,23,ALHASSANE,49.0,,12.0,,,G03_BOLOGNA_SASSUOLO,3,28.0,15.0,88.0,1.0,,,,2.0,,,,,1.0,,,
BOLOGNA,OUT,19,L. FERGUSON,99.0,,78.0,,,G03_BOLOGNA_SASSUOLO,3,139.0,118.0,95.0,8.0,2.0,,2.0,1.0,,,,,,,,
BOLOGNA,OUT,4,POBEGA,49.0,,23.0,,,G03_BOLOGNA_SASSUOLO,3,32.0,28.0,100.0,,1.0,,,1.0,,,,,,,,
BOLOGNA,OUT,10,BERNARDESCHI,89.0,,33.0,,,G03_BOLOGNA_SASSUOLO,3,69.0,44.0,89.0,2.0,3.0,,1.0,4.0,2.0,,,,,,,
BOLOGNA,OUT,21,ODGAARD,49.0,,7.0,,,G03_BOLOGNA_SASSUOLO,3,18.0,7.0,77.0,2.0,,,,1.0,,,,,,,,
BOLOGNA,OUT,28,CAMBIAGHI,69.0,,17.0,,,G03_BOLOGNA_SASSUOLO,3,33.0,18.0,90.0,1.0,3.0,,1.0,3.0,,,,,,,,
BOLOGNA,OUT,91,PICCOLI,99.0,,5.0,,,G03_BOLOGNA_SASSUOLO,3,15.0,7.0,87.0,,1.0,,1.0,3.0,1.0,1.0,,,,,,
BOLOGNA,OUT,6,N. MORO,51.0,,16.0,,,G03_BOLOGNA_SASSUOLO,3,35.0,24.0,92.0,2.0,1.0,,,,,,,,,,,
BOLOGNA,OUT,9,DOVBYK,31.0,,5.0,,,G03_BOLOGNA_SASSUOLO,3,10.0,7.0,100.0,,1.0,1.0,,2.0,1.0,1.0,,,2.0,,,
BOLOGNA,OUT,11,MBANGULA,10.0,,4.0,,,G03_BOLOGNA_SASSUOLO,3,7.0,6.0,100.0,,,,,,,,,,,,,
BOLOGNA,OUT,18,LIBRA,51.0,,13.0,,,G03_BOLOGNA_SASSUOLO,3,26.0,19.0,90.0,2.0,,,,1.0,1.0,,,,,,,
BOLOGNA,OUT,33,MIRANDA,51.0,,21.0,,,G03_BOLOGNA_SASSUOLO,3,41.0,27.0,87.0,2.0,2.0,,,,,,1.0,,,,,
SASSUOLO,GK,49,MURIĆ,99.0,2.0,3.0,1.0,19.0,G03_BOLOGNA_SASSUOLO,3,,,,,,,,,,,,,,,,
SASSUOLO,OUT,46,CINQUEGRANO,99.0,,18.0,,,G03_BOLOGNA_SASSUOLO,3,55.0,34.0,85.0,2.0,1.0,,2.0,1.0,,,1.0,,,,,
SASSUOLO,OUT,21,IDZES,99.0,,4.0,,,G03_BOLOGNA_SASSUOLO,3,30.0,18.0,85.0,1.0,1.0,1.0,,,,,,,,,,
SASSUOLO,OUT,16,LEYSEN,99.0,,1.0,,,G03_BOLOGNA_SASSUOLO,3,47.0,32.0,100.0,1.0,,,,,,,,,,,,
SASSUOLO,OUT,3,DOIG,83.0,,12.0,,,G03_BOLOGNA_SASSUOLO,3,43.0,26.0,81.0,3.0,,,,1.0,1.0,1.0,,,,,,
SASSUOLO,OUT,17,ADŽIĆ,63.0,,8.0,,,G03_BOLOGNA_SASSUOLO,3,28.0,16.0,88.0,2.0,3.0,,1.0,3.0,1.0,1.0,,,,,,
SASSUOLO,OUT,18,MATIĆ,83.0,,18.0,,,G03_BOLOGNA_SASSUOLO,3,57.0,30.0,75.0,3.0,3.0,,,1.0,,,,,,,,
SASSUOLO,OUT,35,LIPANI,63.0,,5.0,,,G03_BOLOGNA_SASSUOLO,3,29.0,18.0,90.0,4.0,,,,,,,,,,,,
SASSUOLO,OUT,7,VOLPATO,38.0,,9.0,,,G03_BOLOGNA_SASSUOLO,3,16.0,11.0,91.0,,,,,,,,,,,,,
SASSUOLO,OUT,9,BOWIE,99.0,,6.0,,,G03_BOLOGNA_SASSUOLO,3,27.0,10.0,62.0,,1.0,,4.0,2.0,1.0,,,,,,,
SASSUOLO,OUT,45,LAURIENTÉ,99.0,,19.0,,,G03_BOLOGNA_SASSUOLO,3,48.0,27.0,93.0,2.0,,,2.0,3.0,,,,,1.0,,,
SASSUOLO,OUT,8,GHION,16.0,,1.0,,,G03_BOLOGNA_SASSUOLO,3,15.0,10.0,83.0,3.0,,,,,,,,,,,,
SASSUOLO,OUT,10,BERARDI,62.0,,13.0,,,G03_BOLOGNA_SASSUOLO,3,31.0,18.0,90.0,2.0,,,2.0,2.0,2.0,,,,,,,
SASSUOLO,OUT,33,OBRADOR,16.0,,1.0,,,G03_BOLOGNA_SASSUOLO,3,10.0,5.0,83.0,,,,,,,,,,,,,
SASSUOLO,OUT,42,THORSTVEDT,36.0,,9.0,,,G03_BOLOGNA_SASSUOLO,3,26.0,19.0,90.0,2.0,,,1.0,1.0,1.0,,,,1.0,,,
SASSUOLO,OUT,55,I. SULEMANA,36.0,,10.0,,,G03_BOLOGNA_SASSUOLO,3,31.0,25.0,100.0,3.0,,,1.0,,,,,,,,,
FIORENTINA,GK,43,DE GEA,99.0,2.0,2.0,1.0,14.0,G03_FIORENTINA_TORINO,3,,,,,,,,,,,,,,,,
FIORENTINA,OUT,17,JOÃO MÁRIO,99.0,,30.0,,,G03_FIORENTINA_TORINO,3,67.0,44.0,88.0,7.0,1.0,,2.0,,,,,,,,,
FIORENTINA,OUT,3,DRĂGUȘIN,99.0,,5.0,,,G03_FIORENTINA_TORINO,3,38.0,23.0,92.0,2.0,1.0,,1.0,1.0,,,1.0,,,,,
FIORENTINA,OUT,33,VIERY,99.0,,3.0,,,G03_FIORENTINA_TORINO,3,42.0,26.0,89.0,5.0,,,,,,,,,,,,
FIORENTINA,OUT,21,VALDEPEÑAS,99.0,,21.0,,,G03_FIORENTINA_TORINO,3,58.0,36.0,85.0,1.0,,,1.0,,,,,,,,,
FIORENTINA,OUT,44,FAGIOLI,99.0,,34.0,,,G03_FIORENTINA_TORINO,3,72.0,53.0,92.0,4.0,1.0,,,1.0,,,,,,,,
FIORENTINA,OUT,42,OULAÏ,24.0,,3.0,,,G03_FIORENTINA_TORINO,3,7.0,5.0,100.0,2.0,,,,,,,,,,,,
FIORENTINA,OUT,4,BRESCIANINI,50.0,,3.0,,,G03_FIORENTINA_TORINO,3,8.0,5.0,100.0,1.0,,,,,,,,,,,,
FIORENTINA,OUT,30,MASTANTUONO,50.0,,7.0,,,G03_FIORENTINA_TORINO,3,19.0,8.0,72.0,1.0,,,,2.0,1.0,,,,,,,
FIORENTINA,OUT,32,PELLEGRINO,81.0,,2.0,,,G03_FIORENTINA_TORINO,3,19.0,6.0,50.0,,,,1.0,1.0,1.0,1.0,,,,,,
FIORENTINA,OUT,25,NJIE,84.0,,13.0,,,G03_FIORENTINA_TORINO,3,33.0,17.0,85.0,1.0,4.0,,1.0,1.0,1.0,,,,1.0,,,
FIORENTINA,OUT,14,ATTA,50.0,,16.0,,,G03_FIORENTINA_TORINO,3,29.0,19.0,95.0,1.0,,,,4.0,2.0,,,,,,,
FIORENTINA,OUT,23,BETO,19.0,,,,,G03_FIORENTINA_TORINO,3,6.0,,,,,,,1.0,,,,,1.0,,,
FIORENTINA,OUT,27,NDOUR,76.0,,20.0,,,G03_FIORENTINA_TORINO,3,45.0,28.0,87.0,3.0,1.0,,1.0,,,,,,,,,
FIORENTINA,OUT,28,PEDRO GONÇALVES,16.0,,4.0,,,G03_FIORENTINA_TORINO,3,8.0,4.0,66.0,,,,,,,,,,,,,
FIORENTINA,OUT,29,GNONTO,50.0,,14.0,,,G03_FIORENTINA_TORINO,3,24.0,16.0,100.0,,,,,3.0,1.0,,,,,,,
TORINO,GK,20,PERRI,99.0,1.0,4.0,,19.0,G03_FIORENTINA_TORINO,3,,,,,,,,,,,,,,,,
TORINO,OUT,15,COMUZZO,74.0,,20.0,,,G03_FIORENTINA_TORINO,3,57.0,45.0,93.0,4.0,,,,,,,,,,,,
TORINO,OUT,23,COCO,40.0,,8.0,,,G03_FIORENTINA_TORINO,3,38.0,35.0,100.0,2.0,,,,,,,,,,,,
TORINO,OUT,5,CÖMERT,99.0,,34.0,,,G03_FIORENTINA_TORINO,3,100.0,82.0,96.0,5.0,1.0,,1.0,,,,1.0,,,,,
TORINO,OUT,29,FORTINI,61.0,,28.0,,,G03_FIORENTINA_TORINO,3,44.0,32.0,91.0,2.0,,,1.0,1.0,,,,,,,,
TORINO,OUT,66,GINEITIS,74.0,,13.0,,,G03_FIORENTINA_TORINO,3,29.0,17.0,77.0,1.0,,,1.0,,,,,,,,,
TORINO,OUT,28,FITZ-JIM,99.0,,29.0,,,G03_FIORENTINA_TORINO,3,58.0,48.0,96.0,1.0,1.0,,,,,,,,,,,
TORINO,OUT,8,MANDRAGORA,99.0,,39.0,,,G03_FIORENTINA_TORINO,3,109.0,78.0,90.0,6.0,1.0,,1.0,3.0,2.0,1.0,,,,,,
TORINO,OUT,77,CACCIAMANI,61.0,,15.0,,,G03_FIORENTINA_TORINO,3,34.0,18.0,78.0,2.0,1.0,,2.0,,,,,,,,,
TORINO,OUT,10,VLAŠIĆ,99.0,,25.0,,,G03_FIORENTINA_TORINO,3,47.0,32.0,88.0,3.0,,,3.0,2.0,1.0,,,,,,,
TORINO,OUT,19,C. ADAMS,99.0,,13.0,,,G03_FIORENTINA_TORINO,3,26.0,15.0,78.0,,1.0,,2.0,1.0,1.0,1.0,,,1.0,,,
TORINO,OUT,2,PATTERSON,39.0,,9.0,,,G03_FIORENTINA_TORINO,3,16.0,12.0,92.0,1.0,,,,,,,,,,,,
TORINO,OUT,18,SIMEONE,26.0,,3.0,,,G03_FIORENTINA_TORINO,3,9.0,5.0,71.0,,1.0,,1.0,,,,,,,,,
TORINO,OUT,21,BRAGANÇA,26.0,,10.0,,,G03_FIORENTINA_TORINO,3,19.0,16.0,94.0,2.0,,,,,,,,,,,,
TORINO,OUT,44,ISMAJLI,60.0,,2.0,,,G03_FIORENTINA_TORINO,3,44.0,35.0,97.0,2.0,,,1.0,,,,,,,,,
TORINO,OUT,45,BELGHALI,39.0,,10.0,,,G03_FIORENTINA_TORINO,3,28.0,17.0,85.0,,1.0,,,,,,1.0,,,,,
